date_hour,consumption_hour
2019-02-10 00:00:00,68
2019-02-10 01:00:00,127
2019-02-10 02:00:00,50
2019-02-10 03:00:00,214
2019-02-10 04:00:00,119
2019-02-10 05:00:00,34
2019-02-10 06:00:00,237
2019-02-10 07:00:00,91
2019-02-10 08:00:00,52
2019-02-10 09:00:00,127
2019-02-10 10:00:00,194
2019-02-10 11:00:00,80
2019-02-10 12:00:00,126
2019-02-10 13:00:00,190
2019-02-10 14:00:00,104
2019-02-10 15:00:00,108
2019-02-10 16:00:00,33
2019-02-10 17:00:00,1362
2019-02-10 18:00:00,816
2019-02-10 19:00:00,1546
2019-02-10 20:00:00,710
2019-02-10 21:00:00,1004
2019-02-10 22:00:00,862
2019-02-10 23:00:00,674
2019-02-11 00:00:00,687
2019-02-11 01:00:00,2071
2019-02-11 02:00:00,1395
2019-02-11 03:00:00,146
2019-02-11 04:00:00,78
2019-02-11 05:00:00,129
2019-02-11 06:00:00,44
2019-02-11 07:00:00,92
2019-02-11 08:00:00,455
2019-02-11 09:00:00,896
2019-02-11 10:00:00,1342
2019-02-11 11:00:00,668
2019-02-11 12:00:00,33
2019-02-11 13:00:00,116
2019-02-11 14:00:00,93
2019-02-11 15:00:00,41
2019-02-11 16:00:00,128
2019-02-11 17:00:00,75
2019-02-11 18:00:00,57
2019-02-11 19:00:00,125
2019-02-11 20:00:00,1980
2019-02-11 21:00:00,2697
2019-02-11 22:00:00,1007
2019-02-11 23:00:00,1528
2019-02-12 00:00:00,343
2019-02-12 01:00:00,176
2019-02-12 02:00:00,246
2019-02-12 03:00:00,181
2019-02-12 04:00:00,195
2019-02-12 05:00:00,239
2019-02-12 06:00:00,95
2019-02-12 07:00:00,166
2019-02-12 08:00:00,1104
2019-02-12 09:00:00,1573
2019-02-12 10:00:00,1415
2019-02-12 11:00:00,645
2019-02-12 12:00:00,90
2019-02-12 13:00:00,110
2019-02-12 14:00:00,34
2019-02-12 15:00:00,130
2019-02-12 16:00:00,69
2019-02-12 17:00:00,76
2019-02-12 18:00:00,118
2019-02-12 19:00:00,34
2019-02-12 20:00:00,847
2019-02-12 21:00:00,113
2019-02-12 22:00:00,40
2019-02-12 23:00:00,126
2019-02-13 00:00:00,868
2019-02-13 01:00:00,1051
2019-02-13 02:00:00,132
2019-02-13 03:00:00,130
2019-02-13 04:00:00,104
2019-02-13 05:00:00,44
2019-02-13 06:00:00,126
2019-02-13 07:00:00,85
2019-02-13 08:00:00,254
2019-02-13 09:00:00,461
2019-02-13 10:00:00,51
2019-02-13 11:00:00,92
2019-02-13 12:00:00,113
2019-02-13 13:00:00,34
2019-02-13 14:00:00,121
2019-02-13 15:00:00,82
2019-02-13 16:00:00,59
2019-02-13 17:00:00,124
2019-02-13 18:00:00,44
2019-02-13 19:00:00,97
2019-02-13 20:00:00,103
2019-02-13 21:00:00,33
2019-02-13 22:00:00,125
2019-02-13 23:00:00,72
2019-02-14 00:00:00,207
2019-02-14 01:00:00,260
2019-02-14 02:00:00,177
2019-02-14 03:00:00,332
2019-02-14 04:00:00,220
2019-02-14 05:00:00,33
2019-02-14 06:00:00,229
2019-02-14 07:00:00,191
2019-02-14 08:00:00,822
2019-02-14 09:00:00,680
2019-02-14 10:00:00,1287
2019-02-14 11:00:00,1141
2019-02-14 12:00:00,124
2019-02-14 13:00:00,34
2019-02-14 14:00:00,111
2019-02-14 15:00:00,85
2019-02-14 16:00:00,60
2019-02-14 17:00:00,126
2019-02-14 18:00:00,46
2019-02-14 19:00:00,96
2019-02-14 20:00:00,728
2019-02-14 21:00:00,2532
2019-02-14 22:00:00,1978
2019-02-14 23:00:00,1786
2019-02-15 00:00:00,1852
2019-02-15 01:00:00,1835
2019-02-15 02:00:00,1139
2019-02-15 03:00:00,134
2019-02-15 04:00:00,56
2019-02-15 05:00:00,101
2019-02-15 06:00:00,100
2019-02-15 07:00:00,55
2019-02-15 08:00:00,723
2019-02-15 09:00:00,401
2019-02-15 10:00:00,2041
2019-02-15 11:00:00,773
2019-02-15 12:00:00,47
2019-02-15 13:00:00,128
2019-02-15 14:00:00,56
2019-02-15 15:00:00,111
2019-02-15 16:00:00,854
2019-02-15 17:00:00,1359
2019-02-15 18:00:00,443
2019-02-15 19:00:00,59
2019-02-15 20:00:00,365
2019-02-15 21:00:00,973
2019-02-15 22:00:00,894
2019-02-15 23:00:00,868
2019-02-16 00:00:00,602
2019-02-16 01:00:00,165
2019-02-16 02:00:00,179
2019-02-16 03:00:00,146
2019-02-16 04:00:00,184
2019-02-16 05:00:00,131
2019-02-16 06:00:00,152
2019-02-16 07:00:00,228
2019-02-16 08:00:00,86
2019-02-16 09:00:00,182
2019-02-16 10:00:00,316
2019-02-16 11:00:00,1057
2019-02-16 12:00:00,1343
2019-02-16 13:00:00,63
2019-02-16 14:00:00,303
2019-02-16 15:00:00,544
2019-02-16 16:00:00,182
2019-02-16 17:00:00,66
2019-02-16 18:00:00,131
2019-02-16 19:00:00,64
2019-02-16 20:00:00,90
2019-02-16 21:00:00,128
2019-02-16 22:00:00,38
2019-02-16 23:00:00,118
2019-02-17 00:00:00,87
2019-02-17 01:00:00,1375
2019-02-17 02:00:00,1551
2019-02-17 03:00:00,746
2019-02-17 04:00:00,163
2019-02-17 05:00:00,163
2019-02-17 06:00:00,55
2019-02-17 07:00:00,243
2019-02-17 08:00:00,63
2019-02-17 09:00:00,95
2019-02-17 10:00:00,2379
2019-02-17 11:00:00,2094
2019-02-17 12:00:00,3396
2019-02-17 13:00:00,1918
2019-02-17 14:00:00,1040
2019-02-17 15:00:00,1588
2019-02-17 16:00:00,1026
2019-02-17 17:00:00,216
2019-02-17 18:00:00,848
2019-02-17 19:00:00,349
2019-02-17 20:00:00,207
2019-02-17 21:00:00,154
2019-02-17 22:00:00,1009
2019-02-17 23:00:00,910
2019-02-18 00:00:00,653
2019-02-18 01:00:00,676
2019-02-18 02:00:00,258
2019-02-18 03:00:00,134
2019-02-18 04:00:00,173
2019-02-18 05:00:00,199
2019-02-18 06:00:00,241
2019-02-18 07:00:00,49
2019-02-18 08:00:00,405
2019-02-18 09:00:00,840
2019-02-18 10:00:00,1253
2019-02-18 11:00:00,1010
2019-02-18 12:00:00,123
2019-02-18 13:00:00,34
2019-02-18 14:00:00,104
2019-02-18 15:00:00,113
2019-02-18 16:00:00,35
2019-02-18 17:00:00,123
2019-02-18 18:00:00,90
2019-02-18 19:00:00,44
2019-02-18 20:00:00,446
2019-02-18 21:00:00,1722
2019-02-18 22:00:00,671
2019-02-18 23:00:00,869
2019-02-19 00:00:00,155
2019-02-19 01:00:00,143
2019-02-19 02:00:00,92
2019-02-19 03:00:00,43
2019-02-19 04:00:00,367
2019-02-19 05:00:00,287
2019-02-19 06:00:00,189
2019-02-19 07:00:00,345
2019-02-19 08:00:00,238
2019-02-19 09:00:00,1013
2019-02-19 10:00:00,1337
2019-02-19 11:00:00,1056
2019-02-19 12:00:00,40
2019-02-19 13:00:00,129
2019-02-19 14:00:00,82
2019-02-19 15:00:00,56
2019-02-19 16:00:00,130
2019-02-19 17:00:00,62
2019-02-19 18:00:00,69
2019-02-19 19:00:00,1090
2019-02-19 20:00:00,1193
2019-02-19 21:00:00,363
2019-02-19 22:00:00,130
2019-02-19 23:00:00,245
2019-02-20 00:00:00,1252
2019-02-20 01:00:00,532
2019-02-20 02:00:00,233
2019-02-20 03:00:00,42
2019-02-20 04:00:00,123
2019-02-20 05:00:00,217
2019-02-20 06:00:00,34
2019-02-20 07:00:00,322
2019-02-20 08:00:00,469
2019-02-20 09:00:00,1006
2019-02-20 10:00:00,127
2019-02-20 11:00:00,45
2019-02-20 12:00:00,94
2019-02-20 13:00:00,105
2019-02-20 14:00:00,33
2019-02-20 15:00:00,130
2019-02-20 16:00:00,73
2019-02-20 17:00:00,69
2019-02-20 18:00:00,127
2019-02-20 19:00:00,35
2019-02-20 20:00:00,202
2019-02-20 21:00:00,264
2019-02-20 22:00:00,764
2019-02-20 23:00:00,365
2019-02-21 00:00:00,652
2019-02-21 01:00:00,167
2019-02-21 02:00:00,129
2019-02-21 03:00:00,217
2019-02-21 04:00:00,36
2019-02-21 05:00:00,232
2019-02-21 06:00:00,88
2019-02-21 07:00:00,59
2019-02-21 08:00:00,656
2019-02-21 09:00:00,1241
2019-02-21 10:00:00,1288
2019-02-21 11:00:00,781
2019-02-21 12:00:00,35
2019-02-21 13:00:00,119
2019-02-21 14:00:00,76
2019-02-21 15:00:00,75
2019-02-21 16:00:00,122
2019-02-21 17:00:00,34
2019-02-21 18:00:00,118
2019-02-21 19:00:00,87
2019-02-21 20:00:00,277
2019-02-21 21:00:00,121
2019-02-21 22:00:00,33
2019-02-21 23:00:00,567
2019-02-22 00:00:00,1810
2019-02-22 01:00:00,1660
2019-02-22 02:00:00,1160
2019-02-22 03:00:00,62
2019-02-22 04:00:00,92
2019-02-22 05:00:00,115
2019-02-22 06:00:00,34
2019-02-22 07:00:00,126
2019-02-22 08:00:00,431
2019-02-22 09:00:00,1811
2019-02-22 10:00:00,1362
2019-02-22 11:00:00,735
2019-02-22 12:00:00,129
2019-02-22 13:00:00,74
2019-02-22 14:00:00,63
2019-02-22 15:00:00,430
2019-02-22 16:00:00,1119
2019-02-22 17:00:00,1390
2019-02-22 18:00:00,331
2019-02-22 19:00:00,33
2019-02-22 20:00:00,180
2019-02-22 21:00:00,736
2019-02-22 22:00:00,1150
2019-02-22 23:00:00,142
2019-02-23 00:00:00,83
2019-02-23 01:00:00,78
2019-02-23 02:00:00,303
2019-02-23 03:00:00,290
2019-02-23 04:00:00,193
2019-02-23 05:00:00,169
2019-02-23 06:00:00,127
2019-02-23 07:00:00,214
2019-02-23 08:00:00,433
2019-02-23 09:00:00,1403
2019-02-23 10:00:00,1360
2019-02-23 11:00:00,300
2019-02-23 12:00:00,74
2019-02-23 13:00:00,126
2019-02-23 14:00:00,40
2019-02-23 15:00:00,113
2019-02-23 16:00:00,82
2019-02-23 17:00:00,72
2019-02-23 18:00:00,125
2019-02-23 19:00:00,35
2019-02-23 20:00:00,121
2019-02-23 21:00:00,79
2019-02-23 22:00:00,74
2019-02-23 23:00:00,126
2019-02-24 00:00:00,34
2019-02-24 01:00:00,223
2019-02-24 02:00:00,88
2019-02-24 03:00:00,58
2019-02-24 04:00:00,129
2019-02-24 05:00:00,213
2019-02-24 06:00:00,107
2019-02-24 07:00:00,89
2019-02-24 08:00:00,57
2019-02-24 09:00:00,128
2019-02-24 10:00:00,174
2019-02-24 11:00:00,103
2019-02-24 12:00:00,90
2019-02-24 13:00:00,188
2019-02-24 14:00:00,127
2019-02-24 15:00:00,53
2019-02-24 16:00:00,96
2019-02-24 17:00:00,221
2019-02-24 18:00:00,51
2019-02-24 19:00:00,127
2019-02-24 20:00:00,200
2019-02-24 21:00:00,92
2019-02-24 22:00:00,103
2019-02-24 23:00:00,169
2019-02-25 00:00:00,128
2019-02-25 01:00:00,1088
2019-02-25 02:00:00,452
2019-02-25 03:00:00,426
2019-02-25 04:00:00,44
2019-02-25 05:00:00,116
2019-02-25 06:00:00,80
2019-02-25 07:00:00,66
2019-02-25 08:00:00,582
2019-02-25 09:00:00,973
2019-02-25 10:00:00,1331
2019-02-25 11:00:00,1194
2019-02-25 12:00:00,61
2019-02-25 13:00:00,130
2019-02-25 14:00:00,53
2019-02-25 15:00:00,112
2019-02-25 16:00:00,113
2019-02-25 17:00:00,51
2019-02-25 18:00:00,138
2019-02-25 19:00:00,68
2019-02-25 20:00:00,502
2019-02-25 21:00:00,1592
2019-02-25 22:00:00,725
2019-02-25 23:00:00,858
2019-02-26 00:00:00,1379
2019-02-26 01:00:00,371
2019-02-26 02:00:00,212
2019-02-26 03:00:00,48
2019-02-26 04:00:00,241
2019-02-26 05:00:00,200
2019-02-26 06:00:00,54
2019-02-26 07:00:00,243
2019-02-26 08:00:00,471
2019-02-26 09:00:00,687
2019-02-26 10:00:00,1350
2019-02-26 11:00:00,1069
2019-02-26 12:00:00,99
2019-02-26 13:00:00,113
2019-02-26 14:00:00,33
2019-02-26 15:00:00,118
2019-02-26 16:00:00,90
2019-02-26 17:00:00,47
2019-02-26 18:00:00,127
2019-02-26 19:00:00,73
2019-02-26 20:00:00,429
2019-02-26 21:00:00,866
2019-02-26 22:00:00,442
2019-02-26 23:00:00,51
2019-02-27 00:00:00,1266
2019-02-27 01:00:00,1821
2019-02-27 02:00:00,1832
2019-02-27 03:00:00,996
2019-02-27 04:00:00,54
2019-02-27 05:00:00,211
2019-02-27 06:00:00,115
2019-02-27 07:00:00,45
2019-02-27 08:00:00,943
2019-02-27 09:00:00,1126
2019-02-27 10:00:00,1248
2019-02-27 11:00:00,1353
2019-02-27 12:00:00,312
2019-02-27 13:00:00,63
2019-02-27 14:00:00,127
2019-02-27 15:00:00,49
2019-02-27 16:00:00,94
2019-02-27 17:00:00,118
2019-02-27 18:00:00,34
2019-02-27 19:00:00,119
2019-02-27 20:00:00,346
2019-02-27 21:00:00,1519
2019-02-27 22:00:00,1140
2019-02-27 23:00:00,1296
2019-02-28 00:00:00,277
2019-02-28 01:00:00,325
2019-02-28 02:00:00,260
2019-02-28 03:00:00,219
2019-02-28 04:00:00,168
2019-02-28 05:00:00,249
2019-02-28 06:00:00,198
2019-02-28 07:00:00,179
2019-02-28 08:00:00,527
2019-02-28 09:00:00,1234
2019-02-28 10:00:00,1298
2019-02-28 11:00:00,1298
2019-02-28 12:00:00,60
2019-02-28 13:00:00,78
2019-02-28 14:00:00,127
2019-02-28 15:00:00,41
2019-02-28 16:00:00,97
2019-02-28 17:00:00,123
2019-02-28 18:00:00,35
2019-02-28 19:00:00,114
2019-02-28 20:00:00,91
2019-02-28 21:00:00,46
2019-02-28 22:00:00,129
2019-02-28 23:00:00,74
2019-03-01 00:00:00,1079
2019-03-01 01:00:00,270
2019-03-01 02:00:00,50
2019-03-01 03:00:00,105
2019-03-01 04:00:00,127
2019-03-01 05:00:00,35
2019-03-01 06:00:00,113
2019-03-01 07:00:00,103
2019-03-01 08:00:00,582
2019-03-01 09:00:00,1705
2019-03-01 10:00:00,2095
2019-03-01 11:00:00,1109
2019-03-01 12:00:00,128
2019-03-01 13:00:00,45
2019-03-01 14:00:00,1040
2019-03-01 15:00:00,1396
2019-03-01 16:00:00,569
2019-03-01 17:00:00,127
2019-03-01 18:00:00,44
2019-03-01 19:00:00,367
2019-03-01 20:00:00,1475
2019-03-01 21:00:00,847
2019-03-01 22:00:00,278
2019-03-01 23:00:00,730
2019-03-02 00:00:00,772
2019-03-02 01:00:00,179
2019-03-02 02:00:00,259
2019-03-02 03:00:00,268
2019-03-02 04:00:00,376
2019-03-02 05:00:00,243
2019-03-02 06:00:00,284
2019-03-02 07:00:00,286
2019-03-02 08:00:00,256
2019-03-02 09:00:00,554
2019-03-02 10:00:00,1493
2019-03-02 11:00:00,1617
2019-03-02 12:00:00,2052
2019-03-02 13:00:00,1444
2019-03-02 14:00:00,2467
2019-03-02 15:00:00,1552
2019-03-02 16:00:00,224
2019-03-02 17:00:00,313
2019-03-02 18:00:00,1063
2019-03-02 19:00:00,1823
2019-03-02 20:00:00,882
2019-03-02 21:00:00,60
2019-03-02 22:00:00,99
2019-03-02 23:00:00,192
2019-03-03 00:00:00,542
2019-03-03 01:00:00,368
2019-03-03 02:00:00,111
2019-03-03 03:00:00,134
2019-03-03 04:00:00,91
2019-03-03 05:00:00,80
2019-03-03 06:00:00,135
2019-03-03 07:00:00,74
2019-03-03 08:00:00,95
2019-03-03 09:00:00,126
2019-03-03 10:00:00,35
2019-03-03 11:00:00,367
2019-03-03 12:00:00,738
2019-03-03 13:00:00,1230
2019-03-03 14:00:00,1348
2019-03-03 15:00:00,1324
2019-03-03 16:00:00,763
2019-03-03 17:00:00,148
2019-03-03 18:00:00,52
2019-03-03 19:00:00,126
2019-03-03 20:00:00,58
2019-03-03 21:00:00,1441
2019-03-03 22:00:00,1453
2019-03-03 23:00:00,370
2019-03-04 00:00:00,704
2019-03-04 01:00:00,486
2019-03-04 02:00:00,539
2019-03-04 03:00:00,108
2019-03-04 04:00:00,102
2019-03-04 05:00:00,72
2019-03-04 06:00:00,120
2019-03-04 07:00:00,45
2019-03-04 08:00:00,1014
2019-03-04 09:00:00,1293
2019-03-04 10:00:00,1157
2019-03-04 11:00:00,84
2019-03-04 12:00:00,83
2019-03-04 13:00:00,99
2019-03-04 14:00:00,59
2019-03-04 15:00:00,115
2019-03-04 16:00:00,44
2019-03-04 17:00:00,129
2019-03-04 18:00:00,43
2019-03-04 19:00:00,115
2019-03-04 20:00:00,1076
2019-03-04 21:00:00,1783
2019-03-04 22:00:00,1346
2019-03-04 23:00:00,711
2019-03-05 00:00:00,243
2019-03-05 01:00:00,173
2019-03-05 02:00:00,250
2019-03-05 03:00:00,157
2019-03-05 04:00:00,232
2019-03-05 05:00:00,179
2019-03-05 06:00:00,244
2019-03-05 07:00:00,204
2019-03-05 08:00:00,622
2019-03-05 09:00:00,791
2019-03-05 10:00:00,1264
2019-03-05 11:00:00,1294
2019-03-05 12:00:00,426
2019-03-05 13:00:00,43
2019-03-05 14:00:00,128
2019-03-05 15:00:00,53
2019-03-05 16:00:00,107
2019-03-05 17:00:00,88
2019-03-05 18:00:00,70
2019-03-05 19:00:00,119
2019-03-05 20:00:00,266
2019-03-05 21:00:00,1692
2019-03-05 22:00:00,1263
2019-03-05 23:00:00,2350
2019-03-06 00:00:00,1732
2019-03-06 01:00:00,1553
2019-03-06 02:00:00,802
2019-03-06 03:00:00,171
2019-03-06 04:00:00,355
2019-03-06 05:00:00,197
2019-03-06 06:00:00,210
2019-03-06 07:00:00,540
2019-03-06 08:00:00,527
2019-03-06 09:00:00,944
2019-03-06 10:00:00,1519
2019-03-06 11:00:00,1385
2019-03-06 12:00:00,1280
2019-03-06 13:00:00,505
2019-03-06 14:00:00,86
2019-03-06 15:00:00,65
2019-03-06 16:00:00,115
2019-03-06 17:00:00,35
2019-03-06 18:00:00,129
2019-03-06 19:00:00,54
2019-03-06 20:00:00,235
2019-03-06 21:00:00,79
2019-03-06 22:00:00,73
2019-03-06 23:00:00,111
2019-03-07 00:00:00,818
2019-03-07 01:00:00,509
2019-03-07 02:00:00,331
2019-03-07 03:00:00,118
2019-03-07 04:00:00,74
2019-03-07 05:00:00,92
2019-03-07 06:00:00,102
2019-03-07 07:00:00,220
2019-03-07 08:00:00,516
2019-03-07 09:00:00,810
2019-03-07 10:00:00,1347
2019-03-07 11:00:00,1155
2019-03-07 12:00:00,103
2019-03-07 13:00:00,74
2019-03-07 14:00:00,83
2019-03-07 15:00:00,92
2019-03-07 16:00:00,60
2019-03-07 17:00:00,118
2019-03-07 18:00:00,33
2019-03-07 19:00:00,127
2019-03-07 20:00:00,1036
2019-03-07 21:00:00,3009
2019-03-07 22:00:00,1573
2019-03-07 23:00:00,1344
2019-03-08 00:00:00,546
2019-03-08 01:00:00,190
2019-03-08 02:00:00,221
2019-03-08 03:00:00,213
2019-03-08 04:00:00,65
2019-03-08 05:00:00,239
2019-03-08 06:00:00,34
2019-03-08 07:00:00,240
2019-03-08 08:00:00,380
2019-03-08 09:00:00,1391
2019-03-08 10:00:00,1940
2019-03-08 11:00:00,1132
2019-03-08 12:00:00,111
2019-03-08 13:00:00,40
2019-03-08 14:00:00,127
2019-03-08 15:00:00,45
2019-03-08 16:00:00,107
2019-03-08 17:00:00,873
2019-03-08 18:00:00,1106
2019-03-08 19:00:00,1545
2019-03-08 20:00:00,1691
2019-03-08 21:00:00,1138
2019-03-08 22:00:00,1326
2019-03-08 23:00:00,662
2019-03-09 00:00:00,518
2019-03-09 01:00:00,660
2019-03-09 02:00:00,474
2019-03-09 03:00:00,535
2019-03-09 04:00:00,544
2019-03-09 05:00:00,423
2019-03-09 06:00:00,634
2019-03-09 07:00:00,529
2019-03-09 08:00:00,455
2019-03-09 09:00:00,476
2019-03-09 10:00:00,1507
2019-03-09 11:00:00,1937
2019-03-09 12:00:00,1759
2019-03-09 13:00:00,1394
2019-03-09 14:00:00,1293
2019-03-09 15:00:00,1046
2019-03-09 16:00:00,130
2019-03-09 17:00:00,131
2019-03-09 18:00:00,353
2019-03-09 19:00:00,124
2019-03-09 20:00:00,1851
2019-03-09 21:00:00,1458
2019-03-09 22:00:00,939
2019-03-09 23:00:00,586
2019-03-10 00:00:00,1321
2019-03-10 01:00:00,846
2019-03-10 02:00:00,404
2019-03-10 03:00:00,237
2019-03-10 04:00:00,192
2019-03-10 05:00:00,97
2019-03-10 06:00:00,203
2019-03-10 07:00:00,84
2019-03-10 08:00:00,223
2019-03-10 09:00:00,62
2019-03-10 10:00:00,1341
2019-03-10 11:00:00,1742
2019-03-10 12:00:00,1240
2019-03-10 13:00:00,44
2019-03-10 14:00:00,127
2019-03-10 15:00:00,42
2019-03-10 16:00:00,128
2019-03-10 17:00:00,41
2019-03-10 18:00:00,128
2019-03-10 19:00:00,850
2019-03-10 20:00:00,2125
2019-03-10 21:00:00,1831
2019-03-10 22:00:00,850
2019-03-10 23:00:00,606
2019-03-11 01:00:00,337
2019-03-11 03:00:00,125
2019-03-11 05:00:00,128
2019-03-11 07:00:00,122
2019-03-11 09:00:00,627
2019-03-11 11:00:00,1439
2019-03-11 13:00:00,127
2019-03-11 15:00:00,76
2019-03-11 17:00:00,34
2019-03-11 19:00:00,1104
2019-03-11 21:00:00,2240
2019-03-11 23:00:00,1303
2019-03-12 00:00:00,813
2019-03-12 02:00:00,196
2019-03-12 04:00:00,158
2019-03-12 06:00:00,179
2019-03-12 08:00:00,422
2019-03-12 10:00:00,1765
2019-03-12 12:00:00,126
2019-03-12 14:00:00,128
2019-03-12 16:00:00,82
2019-03-12 18:00:00,34
2019-03-12 20:00:00,2872
2019-03-12 22:00:00,1880
2019-03-13 00:00:00,2020
2019-03-13 01:00:00,1748
2019-03-13 02:00:00,176
2019-03-13 03:00:00,186
2019-03-13 04:00:00,594
2019-03-13 05:00:00,412
2019-03-13 06:00:00,450
2019-03-13 07:00:00,408
2019-03-13 08:00:00,730
2019-03-13 09:00:00,1328
2019-03-13 10:00:00,3684
2019-03-13 11:00:00,2242
2019-03-13 12:00:00,100
2019-03-13 13:00:00,576
2019-03-13 14:00:00,1320
2019-03-13 15:00:00,740
2019-03-13 16:00:00,548
2019-03-13 17:00:00,34
2019-03-13 18:00:00,102
2019-03-13 19:00:00,124
2019-03-13 20:00:00,38
2019-03-13 21:00:00,124
2019-03-13 22:00:00,34
2019-03-13 23:00:00,106
2019-03-14 00:00:00,126
2019-03-14 01:00:00,530
2019-03-14 02:00:00,130
2019-03-14 03:00:00,34
2019-03-14 04:00:00,130
2019-03-14 05:00:00,68
2019-03-14 06:00:00,70
2019-03-14 07:00:00,126
2019-03-14 08:00:00,260
2019-03-14 09:00:00,276
2019-03-14 10:00:00,1246
2019-03-14 11:00:00,1316
2019-03-14 12:00:00,422
2019-03-14 13:00:00,36
2019-03-14 14:00:00,126
2019-03-14 15:00:00,60
2019-03-14 16:00:00,72
2019-03-14 17:00:00,124
2019-03-14 18:00:00,334
2019-03-14 19:00:00,466
2019-03-14 20:00:00,300
2019-03-14 21:00:00,94
2019-03-14 22:00:00,110
2019-03-14 23:00:00,96
2019-03-15 00:00:00,204
2019-03-15 01:00:00,42
2019-03-15 02:00:00,108
2019-03-15 03:00:00,120
2019-03-15 04:00:00,34
2019-03-15 05:00:00,128
2019-03-15 06:00:00,390
2019-03-15 07:00:00,432
2019-03-15 08:00:00,1442
2019-03-15 09:00:00,1026
2019-03-15 10:00:00,1444
2019-03-15 11:00:00,1378
2019-03-15 12:00:00,1408
2019-03-15 13:00:00,836
2019-03-15 14:00:00,130
2019-03-15 15:00:00,102
2019-03-15 16:00:00,52
2019-03-15 17:00:00,126
2019-03-15 18:00:00,32
2019-03-15 19:00:00,126
2019-03-15 20:00:00,1028
2019-03-15 21:00:00,76
2019-03-15 22:00:00,126
2019-03-15 23:00:00,32
2019-03-16 00:00:00,126
2019-03-16 01:00:00,40
2019-03-16 02:00:00,118
2019-03-16 03:00:00,86
2019-03-16 04:00:00,74
2019-03-16 05:00:00,134
2019-03-16 06:00:00,34
2019-03-16 07:00:00,128
2019-03-16 08:00:00,32
2019-03-16 09:00:00,408
2019-03-16 10:00:00,44
2019-03-16 11:00:00,112
2019-03-16 12:00:00,106
2019-03-16 13:00:00,46
2019-03-16 14:00:00,428
2019-03-16 15:00:00,34
2019-03-16 16:00:00,126
2019-03-16 17:00:00,40
2019-03-16 18:00:00,120
2019-03-16 19:00:00,94
2019-03-16 20:00:00,62
2019-03-16 21:00:00,126
2019-03-16 22:00:00,34
2019-03-16 23:00:00,496
2019-03-17 00:00:00,34
2019-03-17 01:00:00,128
2019-03-17 02:00:00,78
2019-03-17 03:00:00,80
2019-03-17 04:00:00,124
2019-03-17 05:00:00,34
2019-03-17 06:00:00,128
2019-03-17 07:00:00,34
2019-03-17 08:00:00,564
2019-03-17 09:00:00,42
2019-03-17 10:00:00,114
2019-03-17 11:00:00,90
2019-03-17 12:00:00,64
2019-03-17 13:00:00,468
2019-03-17 14:00:00,34
2019-03-17 15:00:00,1906
2019-03-17 16:00:00,2512
2019-03-17 17:00:00,1416
2019-03-17 18:00:00,890
2019-03-17 19:00:00,1126
2019-03-17 20:00:00,1274
2019-03-17 21:00:00,1722
2019-03-17 22:00:00,1486
2019-03-17 23:00:00,1264
2019-03-18 00:00:00,1126
2019-03-18 01:00:00,682
2019-03-18 02:00:00,1414
2019-03-18 03:00:00,1322
2019-03-18 04:00:00,134
2019-03-18 05:00:00,38
2019-03-18 06:00:00,120
2019-03-18 07:00:00,118
2019-03-18 08:00:00,34
2019-03-18 09:00:00,246
2019-03-18 10:00:00,1198
2019-03-18 11:00:00,148
2019-03-18 12:00:00,668
2019-03-18 13:00:00,604
2019-03-18 14:00:00,882
2019-03-18 15:00:00,782
2019-03-18 16:00:00,1112
2019-03-18 17:00:00,672
2019-03-18 18:00:00,32
2019-03-18 19:00:00,128
2019-03-18 20:00:00,408
2019-03-18 21:00:00,508
2019-03-18 22:00:00,1494
2019-03-18 23:00:00,384
2019-03-19 00:00:00,1210
2019-03-19 01:00:00,512
2019-03-19 02:00:00,286
2019-03-19 03:00:00,94
2019-03-19 04:00:00,136
2019-03-19 05:00:00,42
2019-03-19 06:00:00,134
2019-03-19 07:00:00,86
2019-03-19 08:00:00,46
2019-03-19 09:00:00,1054
2019-03-19 10:00:00,1286
2019-03-19 11:00:00,1374
2019-03-19 12:00:00,310
2019-03-19 13:00:00,32
2019-03-19 14:00:00,126
2019-03-19 15:00:00,36
2019-03-19 16:00:00,94
2019-03-19 17:00:00,128
2019-03-19 18:00:00,34
2019-03-19 19:00:00,128
2019-03-19 20:00:00,1766
2019-03-19 21:00:00,466
2019-03-19 22:00:00,122
2019-03-19 23:00:00,402
2019-03-20 00:00:00,322
2019-03-20 01:00:00,348
2019-03-20 02:00:00,360
2019-03-20 03:00:00,284
2019-03-20 04:00:00,130
2019-03-20 05:00:00,258
2019-03-20 06:00:00,126
2019-03-20 07:00:00,256
2019-03-20 08:00:00,1136
2019-03-20 09:00:00,856
2019-03-20 10:00:00,166
2019-03-20 11:00:00,316
2019-03-20 12:00:00,264
2019-03-20 13:00:00,356
2019-03-20 14:00:00,266
2019-03-20 15:00:00,358
2019-03-20 16:00:00,56
2019-03-20 17:00:00,106
2019-03-20 18:00:00,100
2019-03-20 19:00:00,114
2019-03-20 20:00:00,490
2019-03-20 21:00:00,324
2019-03-20 22:00:00,126
2019-03-20 23:00:00,34
2019-03-21 00:00:00,198
2019-03-21 01:00:00,52
2019-03-21 02:00:00,130
2019-03-21 03:00:00,92
2019-03-21 04:00:00,84
2019-03-21 05:00:00,128
2019-03-21 06:00:00,34
2019-03-21 07:00:00,128
2019-03-21 08:00:00,512
2019-03-21 09:00:00,1368
2019-03-21 10:00:00,1300
2019-03-21 11:00:00,506
2019-03-21 12:00:00,90
2019-03-21 13:00:00,76
2019-03-21 14:00:00,126
2019-03-21 15:00:00,34
2019-03-21 16:00:00,128
2019-03-21 17:00:00,34
2019-03-21 18:00:00,128
2019-03-21 19:00:00,44
2019-03-21 20:00:00,1818
2019-03-21 21:00:00,884
2019-03-21 22:00:00,42
2019-03-21 23:00:00,132
2019-03-22 00:00:00,658
2019-03-22 01:00:00,44
2019-03-22 02:00:00,138
2019-03-22 03:00:00,92
2019-03-22 04:00:00,80
2019-03-22 05:00:00,130
2019-03-22 06:00:00,36
2019-03-22 07:00:00,128
2019-03-22 08:00:00,438
2019-03-22 09:00:00,394
2019-03-22 10:00:00,1380
2019-03-22 11:00:00,1302
2019-03-22 12:00:00,134
2019-03-22 13:00:00,72
2019-03-22 14:00:00,100
2019-03-22 15:00:00,654
2019-03-22 16:00:00,1422
2019-03-22 17:00:00,598
2019-03-22 18:00:00,80
2019-03-22 19:00:00,92
2019-03-22 20:00:00,176
2019-03-22 21:00:00,394
2019-03-22 22:00:00,384
2019-03-22 23:00:00,304
2019-03-23 00:00:00,792
2019-03-23 01:00:00,140
2019-03-23 02:00:00,44
2019-03-23 03:00:00,132
2019-03-23 04:00:00,36
2019-03-23 05:00:00,130
2019-03-23 06:00:00,298
2019-03-23 07:00:00,84
2019-03-23 08:00:00,186
2019-03-23 09:00:00,34
2019-03-23 10:00:00,346
2019-03-23 11:00:00,1482
2019-03-23 12:00:00,1454
2019-03-23 13:00:00,2174
2019-03-23 14:00:00,2052
2019-03-23 15:00:00,648
2019-03-23 16:00:00,172
2019-03-23 17:00:00,132
2019-03-23 18:00:00,34
2019-03-23 19:00:00,216
2019-03-23 20:00:00,548
2019-03-23 21:00:00,3204
2019-03-23 22:00:00,422
2019-03-23 23:00:00,698
2019-03-24 00:00:00,128
2019-03-24 01:00:00,118
2019-03-24 02:00:00,140
2019-03-24 03:00:00,44
2019-03-24 04:00:00,136
2019-03-24 05:00:00,90
2019-03-24 06:00:00,86
2019-03-24 07:00:00,128
2019-03-24 08:00:00,38
2019-03-24 09:00:00,130
2019-03-24 10:00:00,598
2019-03-24 11:00:00,514
2019-03-24 12:00:00,96
2019-03-24 13:00:00,82
2019-03-24 14:00:00,128
2019-03-24 15:00:00,34
2019-03-24 16:00:00,130
2019-03-24 17:00:00,34
2019-03-24 18:00:00,128
2019-03-24 19:00:00,54
2019-03-24 20:00:00,2014
2019-03-24 21:00:00,1226
2019-03-24 22:00:00,1536
2019-03-24 23:00:00,606
2019-03-25 00:00:00,1430
2019-03-25 01:00:00,1394
2019-03-25 02:00:00,1422
2019-03-25 03:00:00,36
2019-03-25 04:00:00,130
2019-03-25 05:00:00,36
2019-03-25 06:00:00,130
2019-03-25 07:00:00,54
2019-03-25 08:00:00,112
2019-03-25 09:00:00,1400
2019-03-25 10:00:00,1486
2019-03-25 11:00:00,1392
2019-03-25 12:00:00,550
2019-03-25 13:00:00,200
2019-03-25 14:00:00,150
2019-03-25 15:00:00,150
2019-03-25 16:00:00,496
2019-03-25 17:00:00,474
2019-03-25 18:00:00,668
2019-03-25 19:00:00,408
2019-03-25 20:00:00,622
2019-03-25 21:00:00,542
2019-03-25 22:00:00,272
2019-03-25 23:00:00,2540
2019-03-26 00:00:00,744
2019-03-26 01:00:00,418
2019-03-26 02:00:00,50
2019-03-26 03:00:00,138
2019-03-26 04:00:00,326
2019-03-26 05:00:00,70
2019-03-26 06:00:00,356
2019-03-26 07:00:00,40
2019-03-26 08:00:00,354
2019-03-26 09:00:00,1294
2019-03-26 10:00:00,1380
2019-03-26 11:00:00,890
2019-03-26 12:00:00,98
2019-03-26 13:00:00,124
2019-03-26 14:00:00,38
2019-03-26 15:00:00,130
2019-03-26 16:00:00,34
2019-03-26 17:00:00,128
2019-03-26 18:00:00,38
2019-03-26 19:00:00,132
2019-03-26 20:00:00,244
2019-03-26 21:00:00,36
2019-03-26 22:00:00,128
2019-03-26 23:00:00,36
2019-03-27 00:00:00,662
2019-03-27 01:00:00,388
2019-03-27 02:00:00,132
2019-03-27 03:00:00,96
2019-03-27 04:00:00,164
2019-03-27 05:00:00,130
2019-03-27 06:00:00,34
2019-03-27 07:00:00,356
2019-03-27 08:00:00,34
2019-03-27 09:00:00,128
2019-03-27 10:00:00,34
2019-03-27 11:00:00,130
2019-03-27 12:00:00,76
2019-03-27 13:00:00,86
2019-03-27 14:00:00,128
2019-03-27 15:00:00,36
2019-03-27 16:00:00,128
2019-03-27 17:00:00,36
2019-03-27 18:00:00,128
2019-03-27 19:00:00,34
2019-03-27 20:00:00,128
2019-03-27 21:00:00,86
2019-03-27 22:00:00,98
2019-03-27 23:00:00,104
2019-03-28 00:00:00,828
2019-03-28 01:00:00,208
2019-03-28 02:00:00,38
2019-03-28 03:00:00,132
2019-03-28 04:00:00,36
2019-03-28 05:00:00,284
2019-03-28 06:00:00,36
2019-03-28 07:00:00,130
2019-03-28 08:00:00,1274
2019-03-28 09:00:00,1406
2019-03-28 10:00:00,1210
2019-03-28 11:00:00,58
2019-03-28 12:00:00,128
2019-03-28 13:00:00,34
2019-03-28 14:00:00,128
2019-03-28 15:00:00,34
2019-03-28 16:00:00,128
2019-03-28 17:00:00,60
2019-03-28 18:00:00,106
2019-03-28 19:00:00,108
2019-03-28 20:00:00,1138
2019-03-28 21:00:00,1238
2019-03-28 22:00:00,1346
2019-03-28 23:00:00,818
2019-03-29 00:00:00,1452
2019-03-29 01:00:00,1626
2019-03-29 02:00:00,1664
2019-03-29 03:00:00,1336
2019-03-29 04:00:00,168
2019-03-29 05:00:00,270
2019-03-29 06:00:00,358
2019-03-29 07:00:00,60
2019-03-29 08:00:00,350
2019-03-29 09:00:00,1658
2019-03-29 10:00:00,1398
2019-03-29 11:00:00,790
2019-03-29 12:00:00,48
2019-03-29 13:00:00,586
2019-03-29 14:00:00,1360
2019-03-29 15:00:00,110
2019-03-29 16:00:00,114
2019-03-29 17:00:00,50
2019-03-29 18:00:00,140
2019-03-29 19:00:00,46
2019-03-29 20:00:00,98
2019-03-29 21:00:00,128
2019-03-29 22:00:00,34
2019-03-29 23:00:00,126
2019-03-30 00:00:00,90
2019-03-30 01:00:00,188
2019-03-30 02:00:00,88
2019-03-30 03:00:00,84
2019-03-30 04:00:00,130
2019-03-30 05:00:00,34
2019-03-30 06:00:00,128
2019-03-30 07:00:00,34
2019-03-30 08:00:00,128
2019-03-30 09:00:00,198
2019-03-30 10:00:00,62
2019-03-30 11:00:00,878
2019-03-30 12:00:00,1316
2019-03-30 13:00:00,1390
2019-03-30 14:00:00,84
2019-03-30 15:00:00,72
2019-03-30 16:00:00,128
2019-03-30 17:00:00,32
2019-03-30 18:00:00,128
2019-03-30 19:00:00,92
2019-03-30 20:00:00,54
2019-03-30 21:00:00,128
2019-03-30 22:00:00,34
2019-03-30 23:00:00,128
2019-03-31 00:00:00,52
2019-03-31 01:00:00,106
2019-03-31 03:00:00,414
2019-03-31 04:00:00,210
2019-03-31 05:00:00,590
2019-03-31 06:00:00,430
2019-03-31 07:00:00,138
2019-03-31 08:00:00,82
2019-03-31 09:00:00,90
2019-03-31 10:00:00,632
2019-03-31 11:00:00,396
2019-03-31 12:00:00,512
2019-03-31 13:00:00,106
2019-03-31 14:00:00,128
2019-03-31 15:00:00,322
2019-03-31 16:00:00,288
2019-03-31 17:00:00,128
2019-03-31 18:00:00,34
2019-03-31 19:00:00,242
2019-03-31 20:00:00,304
2019-03-31 21:00:00,1320
2019-03-31 22:00:00,1810
2019-03-31 23:00:00,1564
2019-04-01 00:00:00,992
2019-04-01 01:00:00,138
2019-04-01 02:00:00,38
2019-04-01 03:00:00,130
2019-04-01 04:00:00,82
2019-04-01 05:00:00,64
2019-04-01 06:00:00,128
2019-04-01 07:00:00,34
2019-04-01 08:00:00,128
2019-04-01 09:00:00,1062
2019-04-01 10:00:00,1322
2019-04-01 11:00:00,974
2019-04-01 12:00:00,32
2019-04-01 13:00:00,126
2019-04-01 14:00:00,62
2019-04-01 15:00:00,90
2019-04-01 16:00:00,126
2019-04-01 17:00:00,34
2019-04-01 18:00:00,128
2019-04-01 19:00:00,42
2019-04-01 20:00:00,512
2019-04-01 21:00:00,1456
2019-04-01 22:00:00,1472
2019-04-01 23:00:00,414
2019-04-02 00:00:00,348
2019-04-02 01:00:00,44
2019-04-02 02:00:00,114
2019-04-02 03:00:00,114
2019-04-02 04:00:00,40
2019-04-02 05:00:00,124
2019-04-02 06:00:00,112
2019-04-02 07:00:00,40
2019-04-02 08:00:00,472
2019-04-02 09:00:00,1396
2019-04-02 10:00:00,1268
2019-04-02 11:00:00,1358
2019-04-02 12:00:00,292
2019-04-02 13:00:00,32
2019-04-02 14:00:00,88
2019-04-02 15:00:00,130
2019-04-02 16:00:00,38
2019-04-02 17:00:00,50
2019-04-02 18:00:00,132
2019-04-02 19:00:00,378
2019-04-02 20:00:00,214
2019-04-02 21:00:00,140
2019-04-02 22:00:00,978
2019-04-02 23:00:00,214
2019-04-03 00:00:00,334
2019-04-03 01:00:00,38
2019-04-03 02:00:00,112
2019-04-03 03:00:00,114
2019-04-03 04:00:00,36
2019-04-03 05:00:00,118
2019-04-03 06:00:00,102
2019-04-03 07:00:00,36
2019-04-03 08:00:00,124
2019-04-03 09:00:00,1396
2019-04-03 10:00:00,1292
2019-04-03 11:00:00,1390
2019-04-03 12:00:00,72
2019-04-03 13:00:00,54
2019-04-03 14:00:00,128
2019-04-03 15:00:00,64
2019-04-03 16:00:00,64
2019-04-03 17:00:00,128
2019-04-03 18:00:00,56
2019-04-03 19:00:00,70
2019-04-03 20:00:00,352
2019-04-03 21:00:00,1746
2019-04-03 22:00:00,1672
2019-04-03 23:00:00,1522
2019-04-04 00:00:00,712
2019-04-04 01:00:00,46
2019-04-04 02:00:00,140
2019-04-04 03:00:00,40
2019-04-04 04:00:00,130
2019-04-04 05:00:00,36
2019-04-04 06:00:00,108
2019-04-04 07:00:00,78
2019-04-04 08:00:00,76
2019-04-04 09:00:00,1412
2019-04-04 10:00:00,1296
2019-04-04 11:00:00,1382
2019-04-04 12:00:00,36
2019-04-04 13:00:00,128
2019-04-04 14:00:00,50
2019-04-04 15:00:00,94
2019-04-04 16:00:00,98
2019-04-04 17:00:00,42
2019-04-04 18:00:00,130
2019-04-04 19:00:00,40
2019-04-04 20:00:00,944
2019-04-04 21:00:00,504
2019-04-04 22:00:00,314
2019-04-04 23:00:00,374
2019-04-05 00:00:00,758
2019-04-05 01:00:00,140
2019-04-05 02:00:00,58
2019-04-05 03:00:00,104
2019-04-05 04:00:00,208
2019-04-05 05:00:00,48
2019-04-05 06:00:00,346
2019-04-05 07:00:00,36
2019-04-05 08:00:00,188
2019-04-05 09:00:00,1566
2019-04-05 10:00:00,1318
2019-04-05 11:00:00,786
2019-04-05 12:00:00,36
2019-04-05 13:00:00,148
2019-04-05 14:00:00,566
2019-04-05 15:00:00,1448
2019-04-05 16:00:00,1342
2019-04-05 17:00:00,1016
2019-04-05 18:00:00,128
2019-04-05 19:00:00,34
2019-04-05 20:00:00,126
2019-04-05 21:00:00,64
2019-04-05 22:00:00,84
2019-04-05 23:00:00,120
2019-04-06 00:00:00,46
2019-04-06 01:00:00,138
2019-04-06 02:00:00,54
2019-04-06 03:00:00,98
2019-04-06 04:00:00,112
2019-04-06 05:00:00,36
2019-04-06 06:00:00,128
2019-04-06 07:00:00,44
2019-04-06 08:00:00,104
2019-04-06 09:00:00,742
2019-04-06 10:00:00,44
2019-04-06 11:00:00,174
2019-04-06 12:00:00,1138
2019-04-06 13:00:00,1230
2019-04-06 14:00:00,160
2019-04-06 15:00:00,126
2019-04-06 16:00:00,50
2019-04-06 17:00:00,96
2019-04-06 18:00:00,112
2019-04-06 19:00:00,40
2019-04-06 20:00:00,128
2019-04-06 21:00:00,1588
2019-04-06 22:00:00,2424
2019-04-06 23:00:00,360
2019-04-07 00:00:00,304
2019-04-07 01:00:00,1190
2019-04-07 02:00:00,424
2019-04-07 03:00:00,198
2019-04-07 04:00:00,54
2019-04-07 05:00:00,130
2019-04-07 06:00:00,76
2019-04-07 07:00:00,82
2019-04-07 08:00:00,126
2019-04-07 09:00:00,36
2019-04-07 10:00:00,128
2019-04-07 11:00:00,810
2019-04-07 12:00:00,1364
2019-04-07 13:00:00,1330
2019-04-07 14:00:00,1312
2019-04-07 15:00:00,128
2019-04-07 16:00:00,34
2019-04-07 17:00:00,122
2019-04-07 18:00:00,90
2019-04-07 19:00:00,52
2019-04-07 20:00:00,126
2019-04-07 21:00:00,34
2019-04-07 22:00:00,110
2019-04-07 23:00:00,908
2019-04-08 00:00:00,430
2019-04-08 01:00:00,138
2019-04-08 02:00:00,54
2019-04-08 03:00:00,98
2019-04-08 04:00:00,124
2019-04-08 05:00:00,40
2019-04-08 06:00:00,134
2019-04-08 07:00:00,62
2019-04-08 08:00:00,84
2019-04-08 09:00:00,1412
2019-04-08 10:00:00,1308
2019-04-08 11:00:00,1408
2019-04-08 12:00:00,48
2019-04-08 13:00:00,98
2019-04-08 14:00:00,108
2019-04-08 15:00:00,42
2019-04-08 16:00:00,128
2019-04-08 17:00:00,36
2019-04-08 18:00:00,102
2019-04-08 19:00:00,146
2019-04-08 20:00:00,1436
2019-04-08 21:00:00,1334
2019-04-08 22:00:00,354
2019-04-08 23:00:00,1294
2019-04-09 00:00:00,500
2019-04-09 01:00:00,38
2019-04-09 02:00:00,104
2019-04-09 03:00:00,122
2019-04-09 04:00:00,36
2019-04-09 05:00:00,126
2019-04-09 06:00:00,92
2019-04-09 07:00:00,42
2019-04-09 08:00:00,128
2019-04-09 09:00:00,1198
2019-04-09 10:00:00,1344
2019-04-09 11:00:00,222
2019-04-09 12:00:00,36
2019-04-09 13:00:00,128
2019-04-09 14:00:00,50
2019-04-09 15:00:00,98
2019-04-09 16:00:00,112
2019-04-09 17:00:00,36
2019-04-09 18:00:00,128
2019-04-09 19:00:00,50
2019-04-09 20:00:00,1622
2019-04-09 21:00:00,40
2019-04-09 22:00:00,120
2019-04-09 23:00:00,268
2019-04-10 00:00:00,826
2019-04-10 01:00:00,526
2019-04-10 02:00:00,46
2019-04-10 03:00:00,134
2019-04-10 04:00:00,86
2019-04-10 05:00:00,74
2019-04-10 06:00:00,130
2019-04-10 07:00:00,492
2019-04-10 08:00:00,130
2019-04-10 09:00:00,1234
2019-04-10 10:00:00,1364
2019-04-10 11:00:00,458
2019-04-10 12:00:00,36
2019-04-10 13:00:00,130
2019-04-10 14:00:00,62
2019-04-10 15:00:00,82
2019-04-10 16:00:00,124
2019-04-10 17:00:00,36
2019-04-10 18:00:00,126
2019-04-10 19:00:00,50
2019-04-10 20:00:00,1736
2019-04-10 21:00:00,2390
2019-04-10 22:00:00,1262
2019-04-10 23:00:00,816
2019-04-11 00:00:00,44
2019-04-11 01:00:00,134
2019-04-11 02:00:00,34
2019-04-11 03:00:00,130
2019-04-11 04:00:00,36
2019-04-11 05:00:00,126
2019-04-11 06:00:00,76
2019-04-11 07:00:00,88
2019-04-11 08:00:00,108
2019-04-11 09:00:00,1338
2019-04-11 10:00:00,1398
2019-04-11 11:00:00,1110
2019-04-11 12:00:00,134
2019-04-11 13:00:00,72
2019-04-11 14:00:00,98
2019-04-11 15:00:00,108
2019-04-11 16:00:00,50
2019-04-11 17:00:00,128
2019-04-11 18:00:00,36
2019-04-11 19:00:00,128
2019-04-11 20:00:00,312
2019-04-11 21:00:00,872
2019-04-11 22:00:00,358
2019-04-11 23:00:00,360
2019-04-12 00:00:00,1414
2019-04-12 01:00:00,1310
2019-04-12 02:00:00,1404
2019-04-12 03:00:00,40
2019-04-12 04:00:00,132
2019-04-12 05:00:00,296
2019-04-12 06:00:00,320
2019-04-12 07:00:00,122
2019-04-12 08:00:00,268
2019-04-12 09:00:00,1386
2019-04-12 10:00:00,2206
2019-04-12 11:00:00,1444
2019-04-12 12:00:00,36
2019-04-12 13:00:00,110
2019-04-12 14:00:00,116
2019-04-12 15:00:00,1404
2019-04-12 16:00:00,1038
2019-04-12 17:00:00,154
2019-04-12 18:00:00,126
2019-04-12 19:00:00,278
2019-04-12 20:00:00,2164
2019-04-12 21:00:00,614
2019-04-12 22:00:00,202
2019-04-12 23:00:00,464
2019-04-13 00:00:00,420
2019-04-13 01:00:00,380
2019-04-13 02:00:00,1578
2019-04-13 03:00:00,1300
2019-04-13 04:00:00,202
2019-04-13 05:00:00,50
2019-04-13 06:00:00,354
2019-04-13 07:00:00,88
2019-04-13 08:00:00,134
2019-04-13 09:00:00,426
2019-04-13 10:00:00,128
2019-04-13 11:00:00,1180
2019-04-13 12:00:00,958
2019-04-13 13:00:00,222
2019-04-13 14:00:00,750
2019-04-13 15:00:00,130
2019-04-13 16:00:00,726
2019-04-13 17:00:00,800
2019-04-13 18:00:00,130
2019-04-13 19:00:00,34
2019-04-13 20:00:00,130
2019-04-13 21:00:00,48
2019-04-13 22:00:00,130
2019-04-13 23:00:00,46
2019-04-14 00:00:00,128
2019-04-14 01:00:00,56
2019-04-14 02:00:00,1120
2019-04-14 03:00:00,706
2019-04-14 04:00:00,414
2019-04-14 05:00:00,256
2019-04-14 06:00:00,382
2019-04-14 07:00:00,288
2019-04-14 08:00:00,976
2019-04-14 09:00:00,516
2019-04-14 10:00:00,372
2019-04-14 11:00:00,64
2019-04-14 12:00:00,918
2019-04-14 13:00:00,1558
2019-04-14 14:00:00,1600
2019-04-14 15:00:00,1490
2019-04-14 16:00:00,1482
2019-04-14 17:00:00,1148
2019-04-14 18:00:00,956
2019-04-14 19:00:00,748
2019-04-14 20:00:00,400
2019-04-14 21:00:00,1758
2019-04-14 22:00:00,622
2019-04-14 23:00:00,1404
2019-04-15 00:00:00,370
2019-04-15 01:00:00,48
2019-04-15 02:00:00,136
2019-04-15 03:00:00,38
2019-04-15 04:00:00,128
2019-04-15 05:00:00,36
2019-04-15 06:00:00,128
2019-04-15 07:00:00,36
2019-04-15 08:00:00,126
2019-04-15 09:00:00,692
2019-04-15 10:00:00,1372
2019-04-15 11:00:00,1262
2019-04-15 12:00:00,128
2019-04-15 13:00:00,38
2019-04-15 14:00:00,126
2019-04-15 15:00:00,36
2019-04-15 16:00:00,128
2019-04-15 17:00:00,34
2019-04-15 18:00:00,128
2019-04-15 19:00:00,34
2019-04-15 20:00:00,150
2019-04-15 21:00:00,244
2019-04-15 22:00:00,1214
2019-04-15 23:00:00,276
2019-04-16 00:00:00,1574
2019-04-16 01:00:00,356
2019-04-16 02:00:00,414
2019-04-16 03:00:00,222
2019-04-16 04:00:00,384
2019-04-16 05:00:00,332
2019-04-16 06:00:00,366
2019-04-16 07:00:00,132
2019-04-16 08:00:00,364
2019-04-16 09:00:00,1172
2019-04-16 10:00:00,1342
2019-04-16 11:00:00,1290
2019-04-16 12:00:00,110
2019-04-16 13:00:00,66
2019-04-16 14:00:00,118
2019-04-16 15:00:00,54
2019-04-16 16:00:00,130
2019-04-16 17:00:00,48
2019-04-16 18:00:00,128
2019-04-16 19:00:00,38
2019-04-16 20:00:00,3396
2019-04-16 21:00:00,306
2019-04-16 22:00:00,236
2019-04-16 23:00:00,490
2019-04-17 00:00:00,956
2019-04-17 01:00:00,1634
2019-04-17 02:00:00,1548
2019-04-17 03:00:00,364
2019-04-17 04:00:00,38
2019-04-17 05:00:00,268
2019-04-17 06:00:00,34
2019-04-17 07:00:00,128
2019-04-17 08:00:00,34
2019-04-17 09:00:00,1274
2019-04-17 10:00:00,1260
2019-04-17 11:00:00,1374
2019-04-17 12:00:00,34
2019-04-17 13:00:00,128
2019-04-17 14:00:00,34
2019-04-17 15:00:00,128
2019-04-17 16:00:00,34
2019-04-17 17:00:00,128
2019-04-17 18:00:00,34
2019-04-17 19:00:00,128
2019-04-17 20:00:00,44
2019-04-17 21:00:00,1876
2019-04-17 22:00:00,542
2019-04-17 23:00:00,422
2019-04-18 00:00:00,1618
2019-04-18 01:00:00,560
2019-04-18 02:00:00,460
2019-04-18 03:00:00,40
2019-04-18 04:00:00,132
2019-04-18 05:00:00,38
2019-04-18 06:00:00,130
2019-04-18 07:00:00,36
2019-04-18 08:00:00,128
2019-04-18 09:00:00,988
2019-04-18 10:00:00,1368
2019-04-18 11:00:00,1280
2019-04-18 12:00:00,130
2019-04-18 13:00:00,36
2019-04-18 14:00:00,130
2019-04-18 15:00:00,34
2019-04-18 16:00:00,130
2019-04-18 17:00:00,34
2019-04-18 18:00:00,130
2019-04-18 19:00:00,36
2019-04-18 20:00:00,136
2019-04-18 21:00:00,1762
2019-04-18 22:00:00,398
2019-04-18 23:00:00,102
2019-04-19 00:00:00,1422
2019-04-19 01:00:00,1318
2019-04-19 02:00:00,1218
2019-04-19 03:00:00,40
2019-04-19 04:00:00,134
2019-04-19 05:00:00,36
2019-04-19 06:00:00,130
2019-04-19 07:00:00,34
2019-04-19 08:00:00,126
2019-04-19 09:00:00,798
2019-04-19 10:00:00,2190
2019-04-19 11:00:00,1272
2019-04-19 12:00:00,128
2019-04-19 13:00:00,36
2019-04-19 14:00:00,132
2019-04-19 15:00:00,84
2019-04-19 16:00:00,1428
2019-04-19 17:00:00,1314
2019-04-19 18:00:00,116
2019-04-19 19:00:00,78
2019-04-19 20:00:00,104
2019-04-19 21:00:00,884
2019-04-19 22:00:00,372
2019-04-19 23:00:00,348
2019-04-20 00:00:00,378
2019-04-20 01:00:00,262
2019-04-20 02:00:00,134
2019-04-20 03:00:00,38
2019-04-20 04:00:00,134
2019-04-20 05:00:00,66
2019-04-20 06:00:00,120
2019-04-20 07:00:00,76
2019-04-20 08:00:00,110
2019-04-20 09:00:00,308
2019-04-20 10:00:00,136
2019-04-20 11:00:00,1428
2019-04-20 12:00:00,140
2019-04-20 13:00:00,46
2019-04-20 14:00:00,112
2019-04-20 15:00:00,140
2019-04-20 16:00:00,40
2019-04-20 17:00:00,132
2019-04-20 18:00:00,48
2019-04-20 19:00:00,130
2019-04-20 20:00:00,60
2019-04-20 21:00:00,122
2019-04-20 22:00:00,56
2019-04-20 23:00:00,360
2019-04-21 00:00:00,1670
2019-04-21 01:00:00,1418
2019-04-21 02:00:00,44
2019-04-21 03:00:00,138
2019-04-21 04:00:00,40
2019-04-21 05:00:00,136
2019-04-21 06:00:00,42
2019-04-21 07:00:00,138
2019-04-21 08:00:00,42
2019-04-21 09:00:00,344
2019-04-21 10:00:00,450
2019-04-21 11:00:00,434
2019-04-21 12:00:00,1378
2019-04-21 13:00:00,1288
2019-04-21 14:00:00,132
2019-04-21 15:00:00,34
2019-04-21 16:00:00,132
2019-04-21 17:00:00,34
2019-04-21 18:00:00,494
2019-04-21 19:00:00,404
2019-04-21 20:00:00,138
2019-04-21 21:00:00,926
2019-04-21 22:00:00,476
2019-04-21 23:00:00,572
2019-04-22 00:00:00,784
2019-04-22 01:00:00,328
2019-04-22 02:00:00,488
2019-04-22 03:00:00,480
2019-04-22 04:00:00,128
2019-04-22 05:00:00,98
2019-04-22 06:00:00,110
2019-04-22 07:00:00,84
2019-04-22 08:00:00,108
2019-04-22 09:00:00,80
2019-04-22 10:00:00,112
2019-04-22 11:00:00,622
2019-04-22 12:00:00,210
2019-04-22 13:00:00,1862
2019-04-22 14:00:00,1394
2019-04-22 15:00:00,648
2019-04-22 16:00:00,670
2019-04-22 17:00:00,34
2019-04-22 18:00:00,274
2019-04-22 19:00:00,240
2019-04-22 20:00:00,96
2019-04-22 21:00:00,162
2019-04-22 22:00:00,452
2019-04-22 23:00:00,364
2019-04-23 00:00:00,96
2019-04-23 01:00:00,106
2019-04-23 02:00:00,138
2019-04-23 03:00:00,58
2019-04-23 04:00:00,134
2019-04-23 05:00:00,36
2019-04-23 06:00:00,134
2019-04-23 07:00:00,36
2019-04-23 08:00:00,346
2019-04-23 09:00:00,478
2019-04-23 10:00:00,1366
2019-04-23 11:00:00,1050
2019-04-23 12:00:00,132
2019-04-23 13:00:00,56
2019-04-23 14:00:00,118
2019-04-23 15:00:00,84
2019-04-23 16:00:00,98
2019-04-23 17:00:00,100
2019-04-23 18:00:00,82
2019-04-23 19:00:00,116
2019-04-23 20:00:00,70
2019-04-23 21:00:00,132
2019-04-23 22:00:00,640
2019-04-23 23:00:00,652
2019-04-24 00:00:00,66
2019-04-24 01:00:00,134
2019-04-24 02:00:00,122
2019-04-24 03:00:00,68
2019-04-24 04:00:00,134
2019-04-24 05:00:00,38
2019-04-24 06:00:00,132
2019-04-24 07:00:00,36
2019-04-24 08:00:00,616
2019-04-24 09:00:00,918
2019-04-24 10:00:00,1350
2019-04-24 11:00:00,1194
2019-04-24 12:00:00,130
2019-04-24 13:00:00,40
2019-04-24 14:00:00,132
2019-04-24 15:00:00,48
2019-04-24 16:00:00,132
2019-04-24 17:00:00,46
2019-04-24 18:00:00,132
2019-04-24 19:00:00,40
2019-04-24 20:00:00,422
2019-04-24 21:00:00,86
2019-04-24 22:00:00,2716
2019-04-24 23:00:00,1492
2019-04-25 00:00:00,1312
2019-04-25 01:00:00,142
2019-04-25 02:00:00,38
2019-04-25 03:00:00,134
2019-04-25 04:00:00,50
2019-04-25 05:00:00,134
2019-04-25 06:00:00,58
2019-04-25 07:00:00,130
2019-04-25 08:00:00,266
2019-04-25 09:00:00,758
2019-04-25 10:00:00,64
2019-04-25 11:00:00,114
2019-04-25 12:00:00,72
2019-04-25 13:00:00,108
2019-04-25 14:00:00,78
2019-04-25 15:00:00,104
2019-04-25 16:00:00,72
2019-04-25 17:00:00,112
2019-04-25 18:00:00,64
2019-04-25 19:00:00,124
2019-04-25 20:00:00,86
2019-04-25 21:00:00,638
2019-04-25 22:00:00,954
2019-04-25 23:00:00,324
2019-04-26 00:00:00,46
2019-04-26 01:00:00,138
2019-04-26 02:00:00,66
2019-04-26 03:00:00,120
2019-04-26 04:00:00,86
2019-04-26 05:00:00,98
2019-04-26 06:00:00,94
2019-04-26 07:00:00,380
2019-04-26 08:00:00,530
2019-04-26 09:00:00,1950
2019-04-26 10:00:00,1400
2019-04-26 11:00:00,86
2019-04-26 12:00:00,100
2019-04-26 13:00:00,76
2019-04-26 14:00:00,140
2019-04-26 15:00:00,434
2019-04-26 16:00:00,402
2019-04-26 17:00:00,78
2019-04-26 18:00:00,104
2019-04-26 19:00:00,76
2019-04-26 20:00:00,150
2019-04-26 21:00:00,52
2019-04-26 22:00:00,130
2019-04-26 23:00:00,32
2019-04-27 00:00:00,130
2019-04-27 01:00:00,504
2019-04-27 02:00:00,148
2019-04-27 03:00:00,48
2019-04-27 04:00:00,138
2019-04-27 05:00:00,42
2019-04-27 06:00:00,134
2019-04-27 07:00:00,52
2019-04-27 08:00:00,336
2019-04-27 09:00:00,512
2019-04-27 10:00:00,306
2019-04-27 11:00:00,64
2019-04-27 12:00:00,1358
2019-04-27 13:00:00,1314
2019-04-27 14:00:00,1344
2019-04-27 15:00:00,76
2019-04-27 16:00:00,102
2019-04-27 17:00:00,82
2019-04-27 18:00:00,94
2019-04-27 19:00:00,88
2019-04-27 20:00:00,88
2019-04-27 21:00:00,466
2019-04-27 22:00:00,410
2019-04-27 23:00:00,1796
2019-04-28 00:00:00,766
2019-04-28 01:00:00,336
2019-04-28 02:00:00,100
2019-04-28 03:00:00,116
2019-04-28 04:00:00,58
2019-04-28 05:00:00,132
2019-04-28 06:00:00,36
2019-04-28 07:00:00,130
2019-04-28 08:00:00,46
2019-04-28 09:00:00,104
2019-04-28 10:00:00,434
2019-04-28 11:00:00,548
2019-04-28 12:00:00,40
2019-04-28 13:00:00,136
2019-04-28 14:00:00,44
2019-04-28 15:00:00,136
2019-04-28 16:00:00,50
2019-04-28 17:00:00,594
2019-04-28 18:00:00,412
2019-04-28 19:00:00,2034
2019-04-28 20:00:00,130
2019-04-28 21:00:00,1432
2019-04-28 22:00:00,174
2019-04-28 23:00:00,68
2019-04-29 00:00:00,142
2019-04-29 01:00:00,44
2019-04-29 02:00:00,134
2019-04-29 03:00:00,36
2019-04-29 04:00:00,132
2019-04-29 05:00:00,68
2019-04-29 06:00:00,98
2019-04-29 07:00:00,102
2019-04-29 08:00:00,530
2019-04-29 09:00:00,874
2019-04-29 10:00:00,1260
2019-04-29 11:00:00,1356
2019-04-29 12:00:00,34
2019-04-29 13:00:00,128
2019-04-29 14:00:00,48
2019-04-29 15:00:00,108
2019-04-29 16:00:00,82
2019-04-29 17:00:00,78
2019-04-29 18:00:00,114
2019-04-29 19:00:00,48
2019-04-29 20:00:00,408
2019-04-29 21:00:00,298
2019-04-29 22:00:00,736
2019-04-29 23:00:00,288
2019-04-30 00:00:00,118
2019-04-30 01:00:00,68
2019-04-30 02:00:00,116
2019-04-30 03:00:00,66
2019-04-30 04:00:00,112
2019-04-30 05:00:00,448
2019-04-30 06:00:00,108
2019-04-30 07:00:00,68
2019-04-30 08:00:00,712
2019-04-30 09:00:00,1420
2019-04-30 10:00:00,1260
2019-04-30 11:00:00,602
2019-04-30 12:00:00,34
2019-04-30 13:00:00,128
2019-04-30 14:00:00,34
2019-04-30 15:00:00,128
2019-04-30 16:00:00,34
2019-04-30 17:00:00,128
2019-04-30 18:00:00,36
2019-04-30 19:00:00,122
2019-04-30 20:00:00,62
2019-04-30 21:00:00,94
2019-04-30 22:00:00,102
2019-04-30 23:00:00,650
2019-05-01 00:00:00,504
2019-05-01 01:00:00,378
2019-05-01 02:00:00,136
2019-05-01 03:00:00,44
2019-05-01 04:00:00,134
2019-05-01 05:00:00,406
2019-05-01 06:00:00,472
2019-05-01 07:00:00,268
2019-05-01 08:00:00,86
2019-05-01 09:00:00,108
2019-05-01 10:00:00,654
2019-05-01 11:00:00,64
2019-05-01 12:00:00,122
2019-05-01 13:00:00,70
2019-05-01 14:00:00,98
2019-05-01 15:00:00,92
2019-05-01 16:00:00,70
2019-05-01 17:00:00,116
2019-05-01 18:00:00,60
2019-05-01 19:00:00,128
2019-05-01 20:00:00,112
2019-05-01 21:00:00,134
2019-05-01 22:00:00,162
2019-05-01 23:00:00,1282
2019-05-02 00:00:00,1610
2019-05-02 01:00:00,1346
2019-05-02 02:00:00,1384
2019-05-02 03:00:00,48
2019-05-02 04:00:00,132
2019-05-02 05:00:00,36
2019-05-02 06:00:00,128
2019-05-02 07:00:00,36
2019-05-02 08:00:00,552
2019-05-02 09:00:00,1386
2019-05-02 10:00:00,526
2019-05-02 11:00:00,34
2019-05-02 12:00:00,130
2019-05-02 13:00:00,40
2019-05-02 14:00:00,132
2019-05-02 15:00:00,40
2019-05-02 16:00:00,132
2019-05-02 17:00:00,34
2019-05-02 18:00:00,128
2019-05-02 19:00:00,36
2019-05-02 20:00:00,138
2019-05-02 21:00:00,1222
2019-05-02 22:00:00,300
2019-05-02 23:00:00,372
2019-05-03 00:00:00,296
2019-05-03 01:00:00,136
2019-05-03 02:00:00,38
2019-05-03 03:00:00,128
2019-05-03 04:00:00,48
2019-05-03 05:00:00,112
2019-05-03 06:00:00,58
2019-05-03 07:00:00,100
2019-05-03 08:00:00,340
2019-05-03 09:00:00,496
2019-05-03 10:00:00,1410
2019-05-03 11:00:00,1058
2019-05-03 12:00:00,84
2019-05-03 13:00:00,1374
2019-05-03 14:00:00,1012
2019-05-03 15:00:00,604
2019-05-03 16:00:00,100
2019-05-03 17:00:00,80
2019-05-03 18:00:00,100
2019-05-03 19:00:00,82
2019-05-03 20:00:00,670
2019-05-03 21:00:00,56
2019-05-03 22:00:00,102
2019-05-03 23:00:00,184
2019-05-04 00:00:00,470
2019-05-04 01:00:00,164
2019-05-04 02:00:00,72
2019-05-04 03:00:00,126
2019-05-04 04:00:00,68
2019-05-04 05:00:00,120
2019-05-04 06:00:00,78
2019-05-04 07:00:00,102
2019-05-04 08:00:00,90
2019-05-04 09:00:00,454
2019-05-04 10:00:00,1626
2019-05-04 11:00:00,1326
2019-05-04 12:00:00,1318
2019-05-04 13:00:00,1314
2019-05-04 14:00:00,74
2019-05-04 15:00:00,110
2019-05-04 16:00:00,108
2019-05-04 17:00:00,666
2019-05-04 18:00:00,34
2019-05-04 19:00:00,338
2019-05-04 20:00:00,484
2019-05-04 21:00:00,724
2019-05-04 22:00:00,2460
2019-05-04 23:00:00,1266
2019-05-05 00:00:00,1828
2019-05-05 01:00:00,222
2019-05-05 02:00:00,52
2019-05-05 03:00:00,118
2019-05-05 04:00:00,126
2019-05-05 05:00:00,36
2019-05-05 06:00:00,130
2019-05-05 07:00:00,36
2019-05-05 08:00:00,130
2019-05-05 09:00:00,584
2019-05-05 10:00:00,154
2019-05-05 11:00:00,1468
2019-05-05 12:00:00,40
2019-05-05 13:00:00,134
2019-05-05 14:00:00,90
2019-05-05 15:00:00,80
2019-05-05 16:00:00,134
2019-05-05 17:00:00,42
2019-05-05 18:00:00,132
2019-05-05 19:00:00,38
2019-05-05 20:00:00,806
2019-05-05 21:00:00,1294
2019-05-05 22:00:00,1192
2019-05-05 23:00:00,1174
2019-05-06 00:00:00,1124
2019-05-06 01:00:00,108
2019-05-06 02:00:00,70
2019-05-06 03:00:00,128
2019-05-06 04:00:00,36
2019-05-06 05:00:00,128
2019-05-06 06:00:00,242
2019-05-06 07:00:00,130
2019-05-06 08:00:00,548
2019-05-06 09:00:00,1220
2019-05-06 10:00:00,1312
2019-05-06 11:00:00,698
2019-05-06 12:00:00,114
2019-05-06 13:00:00,58
2019-05-06 14:00:00,126
2019-05-06 15:00:00,34
2019-05-06 16:00:00,126
2019-05-06 17:00:00,34
2019-05-06 18:00:00,126
2019-05-06 19:00:00,34
2019-05-06 20:00:00,486
2019-05-06 21:00:00,562
2019-05-06 22:00:00,532
2019-05-06 23:00:00,700
2019-05-07 00:00:00,568
2019-05-07 01:00:00,136
2019-05-07 02:00:00,38
2019-05-07 03:00:00,130
2019-05-07 04:00:00,34
2019-05-07 05:00:00,130
2019-05-07 06:00:00,36
2019-05-07 07:00:00,128
2019-05-07 08:00:00,798
2019-05-07 09:00:00,128
2019-05-07 10:00:00,38
2019-05-07 11:00:00,126
2019-05-07 12:00:00,60
2019-05-07 13:00:00,104
2019-05-07 14:00:00,88
2019-05-07 15:00:00,80
2019-05-07 16:00:00,110
2019-05-07 17:00:00,60
2019-05-07 18:00:00,126
2019-05-07 19:00:00,302
2019-05-07 20:00:00,130
2019-05-07 21:00:00,276
2019-05-07 22:00:00,370
2019-05-07 23:00:00,280
2019-05-08 00:00:00,146
2019-05-08 01:00:00,42
2019-05-08 02:00:00,130
2019-05-08 03:00:00,34
2019-05-08 04:00:00,130
2019-05-08 05:00:00,38
2019-05-08 06:00:00,130
2019-05-08 07:00:00,310
2019-05-08 08:00:00,130
2019-05-08 09:00:00,34
2019-05-08 10:00:00,128
2019-05-08 11:00:00,2498
2019-05-08 12:00:00,2178
2019-05-08 13:00:00,1080
2019-05-08 14:00:00,180
2019-05-08 15:00:00,1344
2019-05-08 16:00:00,1300
2019-05-08 17:00:00,114
2019-05-08 18:00:00,70
2019-05-08 19:00:00,110
2019-05-08 20:00:00,116
2019-05-08 21:00:00,68
2019-05-08 22:00:00,120
2019-05-08 23:00:00,56
2019-05-09 00:00:00,624
2019-05-09 01:00:00,70
2019-05-09 02:00:00,114
2019-05-09 03:00:00,76
2019-05-09 04:00:00,100
2019-05-09 05:00:00,86
2019-05-09 06:00:00,104
2019-05-09 07:00:00,66
2019-05-09 08:00:00,302
2019-05-09 09:00:00,276
2019-05-09 10:00:00,1368
2019-05-09 11:00:00,1066
2019-05-09 12:00:00,120
2019-05-09 13:00:00,56
2019-05-09 14:00:00,114
2019-05-09 15:00:00,60
2019-05-09 16:00:00,120
2019-05-09 17:00:00,64
2019-05-09 18:00:00,114
2019-05-09 19:00:00,56
2019-05-09 20:00:00,112
2019-05-09 21:00:00,1872
2019-05-09 22:00:00,330
2019-05-09 23:00:00,378
2019-05-10 00:00:00,1350
2019-05-10 01:00:00,138
2019-05-10 02:00:00,40
2019-05-10 03:00:00,130
2019-05-10 04:00:00,34
2019-05-10 05:00:00,130
2019-05-10 06:00:00,36
2019-05-10 07:00:00,130
2019-05-10 08:00:00,546
2019-05-10 09:00:00,1172
2019-05-10 10:00:00,1364
2019-05-10 11:00:00,1462
2019-05-10 12:00:00,1308
2019-05-10 13:00:00,312
2019-05-10 14:00:00,476
2019-05-10 15:00:00,134
2019-05-10 16:00:00,36
2019-05-10 17:00:00,130
2019-05-10 18:00:00,34
2019-05-10 19:00:00,130
2019-05-10 20:00:00,34
2019-05-10 21:00:00,130
2019-05-10 22:00:00,34
2019-05-10 23:00:00,168
2019-05-11 00:00:00,142
2019-05-11 01:00:00,550
2019-05-11 02:00:00,370
2019-05-11 03:00:00,444
2019-05-11 04:00:00,392
2019-05-11 05:00:00,442
2019-05-11 06:00:00,298
2019-05-11 07:00:00,350
2019-05-11 08:00:00,582
2019-05-11 09:00:00,138
2019-05-11 10:00:00,1278
2019-05-11 11:00:00,1532
2019-05-11 12:00:00,276
2019-05-11 13:00:00,1000
2019-05-11 14:00:00,1246
2019-05-11 15:00:00,272
2019-05-11 16:00:00,56
2019-05-11 17:00:00,122
2019-05-11 18:00:00,62
2019-05-11 19:00:00,814
2019-05-11 20:00:00,1380
2019-05-11 21:00:00,1058
2019-05-11 22:00:00,326
2019-05-11 23:00:00,388
2019-05-12 00:00:00,342
2019-05-12 01:00:00,330
2019-05-12 02:00:00,312
2019-05-12 03:00:00,416
2019-05-12 04:00:00,92
2019-05-12 05:00:00,104
2019-05-12 06:00:00,72
2019-05-12 07:00:00,116
2019-05-12 08:00:00,62
2019-05-12 09:00:00,116
2019-05-12 10:00:00,60
2019-05-12 11:00:00,114
2019-05-12 12:00:00,58
2019-05-12 13:00:00,260
2019-05-12 14:00:00,158
2019-05-12 15:00:00,210
2019-05-12 16:00:00,1128
2019-05-12 17:00:00,86
2019-05-12 18:00:00,244
2019-05-12 19:00:00,1330
2019-05-12 20:00:00,1324
2019-05-12 21:00:00,1330
2019-05-12 22:00:00,86
2019-05-12 23:00:00,92
2019-05-13 00:00:00,610
2019-05-13 01:00:00,80
2019-05-13 02:00:00,102
2019-05-13 03:00:00,82
2019-05-13 04:00:00,86
2019-05-13 05:00:00,100
2019-05-13 06:00:00,64
2019-05-13 07:00:00,128
2019-05-13 08:00:00,32
2019-05-13 09:00:00,1266
2019-05-13 10:00:00,1998
2019-05-13 11:00:00,2542
2019-05-13 12:00:00,268
2019-05-13 13:00:00,90
2019-05-13 14:00:00,126
2019-05-13 15:00:00,46
2019-05-13 16:00:00,130
2019-05-13 17:00:00,84
2019-05-13 18:00:00,92
2019-05-13 19:00:00,606
2019-05-13 20:00:00,686
2019-05-13 21:00:00,388
2019-05-13 22:00:00,342
2019-05-13 23:00:00,1500
2019-05-14 00:00:00,1382
2019-05-14 01:00:00,842
2019-05-14 02:00:00,122
2019-05-14 03:00:00,66
2019-05-14 04:00:00,114
2019-05-14 05:00:00,74
2019-05-14 06:00:00,98
2019-05-14 07:00:00,86
2019-05-14 08:00:00,184
2019-05-14 09:00:00,722
2019-05-14 10:00:00,70
2019-05-14 11:00:00,104
2019-05-14 12:00:00,80
2019-05-14 13:00:00,104
2019-05-14 14:00:00,68
2019-05-14 15:00:00,120
2019-05-14 16:00:00,46
2019-05-14 17:00:00,130
2019-05-14 18:00:00,34
2019-05-14 19:00:00,130
2019-05-14 20:00:00,1538
2019-05-14 21:00:00,512
2019-05-14 22:00:00,52
2019-05-14 23:00:00,112
2019-05-15 00:00:00,120
2019-05-15 01:00:00,144
2019-05-15 02:00:00,46
2019-05-15 03:00:00,132
2019-05-15 04:00:00,40
2019-05-15 05:00:00,132
2019-05-15 06:00:00,56
2019-05-15 07:00:00,288
2019-05-15 08:00:00,382
2019-05-15 09:00:00,1316
2019-05-15 10:00:00,626
2019-05-15 11:00:00,80
2019-05-15 12:00:00,106
2019-05-15 13:00:00,54
2019-05-15 14:00:00,130
2019-05-15 15:00:00,32
2019-05-15 16:00:00,128
2019-05-15 17:00:00,32
2019-05-15 18:00:00,128
2019-05-15 19:00:00,32
2019-05-15 20:00:00,128
2019-05-15 21:00:00,38
2019-05-15 22:00:00,118
2019-05-15 23:00:00,674
2019-05-16 00:00:00,1182
2019-05-16 01:00:00,432
2019-05-16 02:00:00,384
2019-05-16 03:00:00,450
2019-05-16 04:00:00,316
2019-05-16 05:00:00,406
2019-05-16 06:00:00,300
2019-05-16 07:00:00,394
2019-05-16 08:00:00,302
2019-05-16 09:00:00,1714
2019-05-16 10:00:00,1926
2019-05-16 11:00:00,944
2019-05-16 12:00:00,1322
2019-05-16 13:00:00,1362
2019-05-16 14:00:00,1228
2019-05-16 15:00:00,130
2019-05-16 16:00:00,34
2019-05-16 17:00:00,130
2019-05-16 18:00:00,34
2019-05-16 19:00:00,130
2019-05-16 20:00:00,34
2019-05-16 21:00:00,130
2019-05-16 22:00:00,34
2019-05-16 23:00:00,130
2019-05-17 00:00:00,34
2019-05-17 01:00:00,130
2019-05-17 02:00:00,332
2019-05-17 03:00:00,104
2019-05-17 04:00:00,92
2019-05-17 05:00:00,68
2019-05-17 06:00:00,118
2019-05-17 07:00:00,40
2019-05-17 08:00:00,128
2019-05-17 09:00:00,34
2019-05-17 10:00:00,128
2019-05-17 11:00:00,34
2019-05-17 12:00:00,122
2019-05-17 13:00:00,70
2019-05-17 14:00:00,522
2019-05-17 15:00:00,1418
2019-05-17 16:00:00,1318
2019-05-17 17:00:00,242
2019-05-17 18:00:00,36
2019-05-17 19:00:00,130
2019-05-17 20:00:00,38
2019-05-17 21:00:00,118
2019-05-17 22:00:00,82
2019-05-17 23:00:00,78
2019-05-18 00:00:00,122
2019-05-18 01:00:00,34
2019-05-18 02:00:00,130
2019-05-18 03:00:00,34
2019-05-18 04:00:00,130
2019-05-18 05:00:00,58
2019-05-18 06:00:00,102
2019-05-18 07:00:00,94
2019-05-18 08:00:00,60
2019-05-18 09:00:00,138
2019-05-18 10:00:00,34
2019-05-18 11:00:00,128
2019-05-18 12:00:00,328
2019-05-18 13:00:00,130
2019-05-18 14:00:00,68
2019-05-18 15:00:00,90
2019-05-18 16:00:00,110
2019-05-18 17:00:00,46
2019-05-18 18:00:00,130
2019-05-18 19:00:00,34
2019-05-18 20:00:00,132
2019-05-18 21:00:00,42
2019-05-18 22:00:00,342
2019-05-18 23:00:00,68
2019-05-19 00:00:00,88
2019-05-19 01:00:00,98
2019-05-19 02:00:00,56
2019-05-19 03:00:00,132
2019-05-19 04:00:00,32
2019-05-19 05:00:00,128
2019-05-19 06:00:00,34
2019-05-19 07:00:00,434
2019-05-19 08:00:00,54
2019-05-19 09:00:00,104
2019-05-19 10:00:00,92
2019-05-19 11:00:00,372
2019-05-19 12:00:00,132
2019-05-19 13:00:00,34
2019-05-19 14:00:00,130
2019-05-19 15:00:00,346
2019-05-19 16:00:00,126
2019-05-19 17:00:00,74
2019-05-19 18:00:00,86
2019-05-19 19:00:00,576
2019-05-19 20:00:00,142
2019-05-19 21:00:00,1548
2019-05-19 22:00:00,298
2019-05-19 23:00:00,1462
2019-05-20 00:00:00,102
2019-05-20 01:00:00,112
2019-05-20 02:00:00,78
2019-05-20 03:00:00,114
2019-05-20 04:00:00,56
2019-05-20 05:00:00,128
2019-05-20 06:00:00,36
2019-05-20 07:00:00,130
2019-05-20 08:00:00,344
2019-05-20 09:00:00,1226
2019-05-20 10:00:00,1280
2019-05-20 11:00:00,912
2019-05-20 12:00:00,36
2019-05-20 13:00:00,126
2019-05-20 14:00:00,76
2019-05-20 15:00:00,86
2019-05-20 16:00:00,104
2019-05-20 17:00:00,64
2019-05-20 18:00:00,132
2019-05-20 19:00:00,278
2019-05-20 20:00:00,492
2019-05-20 21:00:00,364
2019-05-20 22:00:00,370
2019-05-20 23:00:00,228
2019-05-21 00:00:00,144
2019-05-21 01:00:00,42
2019-05-21 02:00:00,134
2019-05-21 03:00:00,36
2019-05-21 04:00:00,132
2019-05-21 05:00:00,46
2019-05-21 06:00:00,1352
2019-05-21 07:00:00,1324
2019-05-21 08:00:00,712
2019-05-21 09:00:00,118
2019-05-21 10:00:00,46
2019-05-21 11:00:00,132
2019-05-21 12:00:00,34
2019-05-21 13:00:00,130
2019-05-21 14:00:00,36
2019-05-21 15:00:00,132
2019-05-21 16:00:00,52
2019-05-21 17:00:00,118
2019-05-21 18:00:00,82
2019-05-21 19:00:00,88
2019-05-21 20:00:00,376
2019-05-21 21:00:00,308
2019-05-21 22:00:00,368
2019-05-21 23:00:00,394
2019-05-22 00:00:00,346
2019-05-22 01:00:00,1556
2019-05-22 02:00:00,1320
2019-05-22 03:00:00,1370
2019-05-22 04:00:00,74
2019-05-22 05:00:00,94
2019-05-22 06:00:00,102
2019-05-22 07:00:00,72
2019-05-22 08:00:00,138
2019-05-22 09:00:00,324
2019-05-22 10:00:00,1370
2019-05-22 11:00:00,1268
2019-05-22 12:00:00,132
2019-05-22 13:00:00,34
2019-05-22 14:00:00,132
2019-05-22 15:00:00,54
2019-05-22 16:00:00,112
2019-05-22 17:00:00,88
2019-05-22 18:00:00,80
2019-05-22 19:00:00,110
2019-05-22 20:00:00,132
2019-05-22 21:00:00,1388
2019-05-22 22:00:00,286
2019-05-22 23:00:00,374
2019-05-23 00:00:00,1140
2019-05-23 01:00:00,58
2019-05-23 02:00:00,142
2019-05-23 03:00:00,62
2019-05-23 04:00:00,134
2019-05-23 05:00:00,36
2019-05-23 06:00:00,130
2019-05-23 07:00:00,36
2019-05-23 08:00:00,496
2019-05-23 09:00:00,1302
2019-05-23 10:00:00,1364
2019-05-23 11:00:00,616
2019-05-23 12:00:00,132
2019-05-23 13:00:00,36
2019-05-23 14:00:00,132
2019-05-23 15:00:00,34
2019-05-23 16:00:00,132
2019-05-23 17:00:00,46
2019-05-23 18:00:00,132
2019-05-23 19:00:00,64
2019-05-23 20:00:00,1004
2019-05-23 21:00:00,1458
2019-05-23 22:00:00,376
2019-05-23 23:00:00,382
2019-05-24 00:00:00,1054
2019-05-24 01:00:00,148
2019-05-24 02:00:00,46
2019-05-24 03:00:00,134
2019-05-24 04:00:00,36
2019-05-24 05:00:00,132
2019-05-24 06:00:00,36
2019-05-24 07:00:00,134
2019-05-24 08:00:00,1054
2019-05-24 09:00:00,1832
2019-05-24 10:00:00,1326
2019-05-24 11:00:00,1356
2019-05-24 12:00:00,76
2019-05-24 13:00:00,104
2019-05-24 14:00:00,96
2019-05-24 15:00:00,1360
2019-05-24 16:00:00,1432
2019-05-24 17:00:00,68
2019-05-24 18:00:00,134
2019-05-24 19:00:00,42
2019-05-24 20:00:00,132
2019-05-24 21:00:00,36
2019-05-24 22:00:00,132
2019-05-24 23:00:00,36
2019-05-25 00:00:00,440
2019-05-25 01:00:00,342
2019-05-25 02:00:00,526
2019-05-25 03:00:00,116
2019-05-25 04:00:00,102
2019-05-25 05:00:00,112
2019-05-25 06:00:00,360
2019-05-25 07:00:00,500
2019-05-25 08:00:00,86
2019-05-25 09:00:00,132
2019-05-25 10:00:00,70
2019-05-25 11:00:00,588
2019-05-25 12:00:00,656
2019-05-25 13:00:00,134
2019-05-25 14:00:00,194
2019-05-25 15:00:00,46
2019-05-25 16:00:00,1508
2019-05-25 17:00:00,1396
2019-05-25 18:00:00,72
2019-05-25 19:00:00,144
2019-05-25 20:00:00,44
2019-05-25 21:00:00,144
2019-05-25 22:00:00,72
2019-05-25 23:00:00,132
2019-05-26 00:00:00,376
2019-05-26 01:00:00,64
2019-05-26 02:00:00,136
2019-05-26 03:00:00,34
2019-05-26 04:00:00,132
2019-05-26 05:00:00,32
2019-05-26 06:00:00,134
2019-05-26 07:00:00,32
2019-05-26 08:00:00,132
2019-05-26 09:00:00,38
2019-05-26 10:00:00,158
2019-05-26 11:00:00,132
2019-05-26 12:00:00,32
2019-05-26 13:00:00,132
2019-05-26 14:00:00,34
2019-05-26 15:00:00,132
2019-05-26 16:00:00,54
2019-05-26 17:00:00,124
2019-05-26 18:00:00,110
2019-05-26 19:00:00,234
2019-05-26 20:00:00,1258
2019-05-26 21:00:00,376
2019-05-26 22:00:00,276
2019-05-26 23:00:00,378
2019-05-27 00:00:00,1394
2019-05-27 01:00:00,1346
2019-05-27 02:00:00,338
2019-05-27 03:00:00,34
2019-05-27 04:00:00,136
2019-05-27 05:00:00,36
2019-05-27 06:00:00,134
2019-05-27 07:00:00,34
2019-05-27 08:00:00,418
2019-05-27 09:00:00,438
2019-05-27 10:00:00,210
2019-05-27 11:00:00,40
2019-05-27 12:00:00,134
2019-05-27 13:00:00,68
2019-05-27 14:00:00,114
2019-05-27 15:00:00,82
2019-05-27 16:00:00,102
2019-05-27 17:00:00,98
2019-05-27 18:00:00,80
2019-05-27 19:00:00,122
2019-05-27 20:00:00,1182
2019-05-27 21:00:00,1376
2019-05-27 22:00:00,286
2019-05-27 23:00:00,374
2019-05-28 00:00:00,856
2019-05-28 01:00:00,128
2019-05-28 02:00:00,140
2019-05-28 03:00:00,36
2019-05-28 04:00:00,134
2019-05-28 05:00:00,34
2019-05-28 06:00:00,134
2019-05-28 07:00:00,36
2019-05-28 08:00:00,910
2019-05-28 09:00:00,58
2019-05-28 10:00:00,1374
2019-05-28 11:00:00,1284
2019-05-28 12:00:00,132
2019-05-28 13:00:00,36
2019-05-28 14:00:00,134
2019-05-28 15:00:00,34
2019-05-28 16:00:00,134
2019-05-28 17:00:00,34
2019-05-28 18:00:00,132
2019-05-28 19:00:00,34
2019-05-28 20:00:00,1352
2019-05-28 21:00:00,48
2019-05-28 22:00:00,136
2019-05-28 23:00:00,50
2019-05-29 00:00:00,320
2019-05-29 01:00:00,146
2019-05-29 02:00:00,60
2019-05-29 03:00:00,138
2019-05-29 04:00:00,78
2019-05-29 05:00:00,114
2019-05-29 06:00:00,78
2019-05-29 07:00:00,120
2019-05-29 08:00:00,494
2019-05-29 09:00:00,132
2019-05-29 10:00:00,358
2019-05-29 11:00:00,120
2019-05-29 12:00:00,68
2019-05-29 13:00:00,120
2019-05-29 14:00:00,64
2019-05-29 15:00:00,134
2019-05-29 16:00:00,50
2019-05-29 17:00:00,132
2019-05-29 18:00:00,36
2019-05-29 19:00:00,132
2019-05-29 20:00:00,778
2019-05-29 21:00:00,1794
2019-05-29 22:00:00,830
2019-05-29 23:00:00,726
2019-05-30 00:00:00,386
2019-05-30 01:00:00,538
2019-05-30 02:00:00,146
2019-05-30 03:00:00,136
2019-05-30 04:00:00,34
2019-05-30 05:00:00,104
2019-05-30 06:00:00,134
2019-05-30 07:00:00,40
2019-05-30 08:00:00,132
2019-05-30 09:00:00,692
2019-05-30 10:00:00,134
2019-05-30 11:00:00,80
2019-05-30 12:00:00,1438
2019-05-30 13:00:00,1396
2019-05-30 14:00:00,1308
2019-05-30 15:00:00,1390
2019-05-30 16:00:00,156
2019-05-30 17:00:00,34
2019-05-30 18:00:00,132
2019-05-30 19:00:00,84
2019-05-30 20:00:00,90
2019-05-30 21:00:00,612
2019-05-30 22:00:00,594
2019-05-30 23:00:00,402
2019-05-31 00:00:00,348
2019-05-31 01:00:00,146
2019-05-31 02:00:00,142
2019-05-31 03:00:00,36
2019-05-31 04:00:00,132
2019-05-31 05:00:00,34
2019-05-31 06:00:00,132
2019-05-31 07:00:00,52
2019-05-31 08:00:00,786
2019-05-31 09:00:00,438
2019-05-31 10:00:00,1874
2019-05-31 11:00:00,1298
2019-05-31 12:00:00,36
2019-05-31 13:00:00,134
2019-05-31 14:00:00,32
2019-05-31 15:00:00,132
2019-05-31 16:00:00,88
2019-05-31 17:00:00,90
2019-05-31 18:00:00,132
2019-05-31 19:00:00,42
2019-05-31 20:00:00,200
2019-05-31 21:00:00,1282
2019-05-31 22:00:00,136
2019-05-31 23:00:00,132
2019-06-01 00:00:00,134
2019-06-01 01:00:00,64
2019-06-01 02:00:00,584
2019-06-01 03:00:00,146
2019-06-01 04:00:00,140
2019-06-01 05:00:00,38
2019-06-01 06:00:00,134
2019-06-01 07:00:00,102
2019-06-01 08:00:00,70
2019-06-01 09:00:00,132
2019-06-01 10:00:00,34
2019-06-01 11:00:00,568
2019-06-01 12:00:00,458
2019-06-01 13:00:00,100
2019-06-01 14:00:00,1010
2019-06-01 15:00:00,1402
2019-06-01 16:00:00,1358
2019-06-01 17:00:00,928
2019-06-01 18:00:00,134
2019-06-01 19:00:00,36
2019-06-01 20:00:00,556
2019-06-01 21:00:00,850
2019-06-01 22:00:00,746
2019-06-01 23:00:00,456
2019-06-02 00:00:00,386
2019-06-02 01:00:00,1754
2019-06-02 02:00:00,1620
2019-06-02 03:00:00,144
2019-06-02 04:00:00,140
2019-06-02 05:00:00,40
2019-06-02 06:00:00,136
2019-06-02 07:00:00,114
2019-06-02 08:00:00,32
2019-06-02 09:00:00,134
2019-06-02 10:00:00,70
2019-06-02 11:00:00,74
2019-06-02 12:00:00,136
2019-06-02 13:00:00,726
2019-06-02 14:00:00,1370
2019-06-02 15:00:00,140
2019-06-02 16:00:00,40
2019-06-02 17:00:00,136
2019-06-02 18:00:00,140
2019-06-02 19:00:00,38
2019-06-02 20:00:00,178
2019-06-02 21:00:00,242
2019-06-02 22:00:00,174
2019-06-02 23:00:00,60
2019-06-03 00:00:00,574
2019-06-03 01:00:00,1432
2019-06-03 02:00:00,1320
2019-06-03 03:00:00,140
2019-06-03 04:00:00,136
2019-06-03 05:00:00,34
2019-06-03 06:00:00,136
2019-06-03 07:00:00,94
2019-06-03 08:00:00,86
2019-06-03 09:00:00,508
2019-06-03 10:00:00,34
2019-06-03 11:00:00,122
2019-06-03 12:00:00,134
2019-06-03 13:00:00,34
2019-06-03 14:00:00,134
2019-06-03 15:00:00,114
2019-06-03 16:00:00,48
2019-06-03 17:00:00,136
2019-06-03 18:00:00,52
2019-06-03 19:00:00,112
2019-06-03 20:00:00,1430
2019-06-03 21:00:00,732
2019-06-03 22:00:00,318
2019-06-03 23:00:00,118
2019-06-04 00:00:00,906
2019-06-04 01:00:00,1430
2019-06-04 02:00:00,1326
2019-06-04 03:00:00,140
2019-06-04 04:00:00,136
2019-06-04 05:00:00,36
2019-06-04 06:00:00,136
2019-06-04 07:00:00,92
2019-06-04 08:00:00,230
2019-06-04 09:00:00,1856
2019-06-04 10:00:00,224
2019-06-04 11:00:00,914
2019-06-04 12:00:00,1254
2019-06-04 13:00:00,748
2019-06-04 14:00:00,84
2019-06-04 15:00:00,134
2019-06-04 16:00:00,100
2019-06-04 17:00:00,46
2019-06-04 18:00:00,134
2019-06-04 19:00:00,72
2019-06-04 20:00:00,884
2019-06-04 21:00:00,134
2019-06-04 22:00:00,134
2019-06-04 23:00:00,32
2019-06-05 00:00:00,160
2019-06-06 01:00:00,148
2019-06-06 02:00:00,146
2019-06-06 03:00:00,136
2019-06-06 04:00:00,36
2019-06-06 05:00:00,96
2019-06-06 06:00:00,134
2019-06-06 07:00:00,54
2019-06-06 08:00:00,100
2019-06-06 09:00:00,1398
2019-06-06 10:00:00,1376
2019-06-06 11:00:00,34
2019-06-06 12:00:00,136
2019-06-06 13:00:00,110
2019-06-06 14:00:00,34
2019-06-06 15:00:00,134
2019-06-06 16:00:00,80
2019-06-06 17:00:00,70
2019-06-06 18:00:00,136
2019-06-06 19:00:00,34
2019-06-06 20:00:00,114
2019-06-06 21:00:00,136
2019-06-06 22:00:00,34
2019-06-06 23:00:00,134
2019-06-07 00:00:00,1150
2019-06-07 01:00:00,1330
2019-06-07 02:00:00,148
2019-06-07 03:00:00,140
2019-06-07 04:00:00,38
2019-06-07 05:00:00,134
2019-06-07 06:00:00,106
2019-06-07 07:00:00,44
2019-06-07 08:00:00,280
2019-06-07 09:00:00,68
2019-06-07 10:00:00,1342
2019-06-07 11:00:00,1384
2019-06-07 12:00:00,32
2019-06-07 13:00:00,136
2019-06-07 14:00:00,182
2019-06-07 15:00:00,114
2019-06-07 16:00:00,512
2019-06-07 17:00:00,72
2019-06-07 18:00:00,80
2019-06-07 19:00:00,134
2019-06-07 20:00:00,108
2019-06-07 21:00:00,1288
2019-06-07 22:00:00,340
2019-06-07 23:00:00,330
2019-06-08 00:00:00,392
2019-06-08 01:00:00,72
2019-06-08 02:00:00,104
2019-06-08 03:00:00,142
2019-06-08 04:00:00,36
2019-06-08 05:00:00,134
2019-06-08 06:00:00,70
2019-06-08 07:00:00,92
2019-06-08 08:00:00,132
2019-06-08 09:00:00,36
2019-06-08 10:00:00,756
2019-06-08 11:00:00,922
2019-06-08 12:00:00,278
2019-06-08 13:00:00,360
2019-06-08 14:00:00,114
2019-06-08 15:00:00,246
2019-06-08 16:00:00,1252
2019-06-08 17:00:00,42
2019-06-08 18:00:00,140
2019-06-08 19:00:00,118
2019-06-08 20:00:00,54
2019-06-08 21:00:00,144
2019-06-08 22:00:00,58
2019-06-08 23:00:00,164
2019-06-09 00:00:00,156
2019-06-09 01:00:00,504
2019-06-09 02:00:00,196
2019-06-09 03:00:00,50
2019-06-09 04:00:00,146
2019-06-09 05:00:00,54
2019-06-09 06:00:00,138
2019-06-09 07:00:00,314
2019-06-09 08:00:00,1514
2019-06-09 09:00:00,1384
2019-06-09 10:00:00,700
2019-06-09 11:00:00,224
2019-06-09 12:00:00,122
2019-06-09 13:00:00,138
2019-06-09 14:00:00,78
2019-06-09 15:00:00,102
2019-06-09 16:00:00,138
2019-06-09 17:00:00,48
2019-06-09 18:00:00,2848
2019-06-09 19:00:00,1382
2019-06-09 20:00:00,230
2019-06-09 21:00:00,422
2019-06-09 22:00:00,376
2019-06-09 23:00:00,278
2019-06-10 00:00:00,482
2019-06-10 01:00:00,132
2019-06-10 02:00:00,48
2019-06-10 03:00:00,136
2019-06-10 04:00:00,36
2019-06-10 05:00:00,136
2019-06-10 06:00:00,120
2019-06-10 07:00:00,48
2019-06-10 08:00:00,600
2019-06-10 09:00:00,64
2019-06-10 10:00:00,162
2019-06-10 11:00:00,110
2019-06-10 12:00:00,196
2019-06-10 13:00:00,444
2019-06-10 14:00:00,404
2019-06-10 15:00:00,278
2019-06-10 16:00:00,376
2019-06-10 17:00:00,504
2019-06-10 18:00:00,34
2019-06-10 19:00:00,134
2019-06-10 20:00:00,66
2019-06-10 21:00:00,98
2019-06-10 22:00:00,134
2019-06-10 23:00:00,794
2019-06-11 00:00:00,1430
2019-06-11 01:00:00,1338
2019-06-11 02:00:00,128
2019-06-11 03:00:00,134
2019-06-11 04:00:00,36
2019-06-11 05:00:00,136
2019-06-11 06:00:00,36
2019-06-11 07:00:00,134
2019-06-11 08:00:00,112
2019-06-11 09:00:00,120
2019-06-11 10:00:00,758
2019-06-11 11:00:00,34
2019-06-11 12:00:00,132
2019-06-11 13:00:00,34
2019-06-11 14:00:00,130
2019-06-11 15:00:00,54
2019-06-11 16:00:00,118
2019-06-11 17:00:00,106
2019-06-11 18:00:00,64
2019-06-11 19:00:00,136
2019-06-11 20:00:00,656
2019-06-11 21:00:00,134
2019-06-11 22:00:00,102
2019-06-11 23:00:00,118
2019-06-12 00:00:00,180
2019-06-12 01:00:00,54
2019-06-12 02:00:00,140
2019-06-12 03:00:00,70
2019-06-12 04:00:00,100
2019-06-12 05:00:00,128
2019-06-12 06:00:00,38
2019-06-12 07:00:00,132
2019-06-12 08:00:00,1250
2019-06-12 09:00:00,706
2019-06-12 10:00:00,38
2019-06-12 11:00:00,124
2019-06-12 12:00:00,106
2019-06-12 13:00:00,54
2019-06-12 14:00:00,130
2019-06-12 15:00:00,34
2019-06-12 16:00:00,132
2019-06-12 17:00:00,32
2019-06-12 18:00:00,130
2019-06-12 19:00:00,362
2019-06-12 20:00:00,454
2019-06-12 21:00:00,206
2019-06-12 22:00:00,60
2019-06-12 23:00:00,768
2019-06-13 00:00:00,352
2019-06-13 01:00:00,56
2019-06-13 02:00:00,144
2019-06-13 03:00:00,42
2019-06-13 04:00:00,140
2019-06-13 05:00:00,100
2019-06-13 06:00:00,56
2019-06-13 07:00:00,132
2019-06-13 08:00:00,444
2019-06-13 09:00:00,154
2019-06-13 10:00:00,1320
2019-06-13 11:00:00,1310
2019-06-13 12:00:00,130
2019-06-13 13:00:00,32
2019-06-13 14:00:00,130
2019-06-13 15:00:00,34
2019-06-13 16:00:00,130
2019-06-13 17:00:00,32
2019-06-13 18:00:00,130
2019-06-13 19:00:00,64
2019-06-13 20:00:00,96
2019-06-13 21:00:00,100
2019-06-13 22:00:00,66
2019-06-13 23:00:00,132
2019-06-14 00:00:00,34
2019-06-14 01:00:00,1398
2019-06-14 02:00:00,1306
2019-06-14 03:00:00,178
2019-06-14 04:00:00,66
2019-06-14 05:00:00,102
2019-06-14 06:00:00,102
2019-06-14 07:00:00,68
2019-06-14 08:00:00,424
2019-06-14 09:00:00,1380
2019-06-14 10:00:00,954
2019-06-14 11:00:00,34
2019-06-14 12:00:00,130
2019-06-14 13:00:00,34
2019-06-14 14:00:00,128
2019-06-14 15:00:00,650
2019-06-14 16:00:00,1418
2019-06-14 17:00:00,146
2019-06-14 18:00:00,68
2019-06-14 19:00:00,130
2019-06-14 20:00:00,32
2019-06-14 21:00:00,130
2019-06-14 22:00:00,238
2019-06-14 23:00:00,520
2019-06-15 00:00:00,482
2019-06-15 01:00:00,1726
2019-06-15 02:00:00,1340
2019-06-15 03:00:00,64
2019-06-15 04:00:00,138
2019-06-15 05:00:00,40
2019-06-15 06:00:00,140
2019-06-15 07:00:00,74
2019-06-15 08:00:00,102
2019-06-15 09:00:00,1056
2019-06-15 10:00:00,160
2019-06-15 11:00:00,138
2019-06-15 12:00:00,220
2019-06-15 13:00:00,2160
2019-06-15 14:00:00,2072
2019-06-15 15:00:00,284
2019-06-15 16:00:00,34
2019-06-15 17:00:00,120
2019-06-15 18:00:00,132
2019-06-15 19:00:00,32
2019-06-15 20:00:00,132
2019-06-15 21:00:00,132
2019-06-15 22:00:00,32
2019-06-15 23:00:00,132
2019-06-16 00:00:00,74
2019-06-16 01:00:00,82
2019-06-16 02:00:00,132
2019-06-16 03:00:00,34
2019-06-16 04:00:00,144
2019-06-16 05:00:00,102
2019-06-16 06:00:00,74
2019-06-16 07:00:00,136
2019-06-16 08:00:00,34
2019-06-16 09:00:00,132
2019-06-16 10:00:00,90
2019-06-16 11:00:00,440
2019-06-16 12:00:00,1498
2019-06-16 13:00:00,1372
2019-06-16 14:00:00,1278
2019-06-16 15:00:00,486
2019-06-16 16:00:00,132
2019-06-16 17:00:00,154
2019-06-16 18:00:00,130
2019-06-16 19:00:00,128
2019-06-16 20:00:00,240
2019-06-16 21:00:00,248
2019-06-16 22:00:00,158
2019-06-16 23:00:00,322
2019-06-17 00:00:00,800
2019-06-17 01:00:00,138
2019-06-17 02:00:00,54
2019-06-17 03:00:00,136
2019-06-17 04:00:00,32
2019-06-17 05:00:00,130
2019-06-17 06:00:00,82
2019-06-17 07:00:00,86
2019-06-17 08:00:00,592
2019-06-17 09:00:00,366
2019-06-17 10:00:00,1378
2019-06-17 11:00:00,416
2019-06-17 12:00:00,130
2019-06-17 13:00:00,96
2019-06-17 14:00:00,74
2019-06-17 15:00:00,130
2019-06-17 16:00:00,32
2019-06-17 17:00:00,130
2019-06-17 18:00:00,56
2019-06-17 19:00:00,114
2019-06-17 20:00:00,130
2019-06-17 21:00:00,2238
2019-06-17 22:00:00,1366
2019-06-17 23:00:00,258
2019-06-18 00:00:00,52
2019-06-18 01:00:00,120
2019-06-18 02:00:00,134
2019-06-18 03:00:00,32
2019-06-18 04:00:00,130
2019-06-18 05:00:00,66
2019-06-18 06:00:00,106
2019-06-18 07:00:00,132
2019-06-18 08:00:00,38
2019-06-18 09:00:00,1190
2019-06-18 10:00:00,1462
2019-06-18 11:00:00,846
2019-06-18 12:00:00,132
2019-06-18 13:00:00,84
2019-06-18 14:00:00,72
2019-06-18 15:00:00,130
2019-06-18 16:00:00,30
2019-06-18 17:00:00,130
2019-06-18 18:00:00,112
2019-06-18 19:00:00,52
2019-06-18 20:00:00,1320
2019-06-18 21:00:00,130
2019-06-18 22:00:00,30
2019-06-18 23:00:00,132
2019-06-19 00:00:00,106
2019-06-19 01:00:00,1040
2019-06-19 02:00:00,1412
2019-06-19 03:00:00,138
2019-06-19 04:00:00,132
2019-06-19 05:00:00,130
2019-06-19 06:00:00,128
2019-06-19 07:00:00,128
2019-06-19 08:00:00,132
2019-06-19 09:00:00,184
2019-06-19 10:00:00,1294
2019-06-19 11:00:00,132
2019-06-19 12:00:00,132
2019-06-19 13:00:00,128
2019-06-19 14:00:00,30
2019-06-19 15:00:00,88
2019-06-19 16:00:00,132
2019-06-19 17:00:00,128
2019-06-19 18:00:00,56
2019-06-19 19:00:00,48
2019-06-19 20:00:00,484
2019-06-19 21:00:00,182
2019-06-19 22:00:00,842
2019-06-19 23:00:00,252
2019-06-20 00:00:00,174
2019-06-20 01:00:00,150
2019-06-20 02:00:00,50
2019-06-20 03:00:00,44
2019-06-20 04:00:00,542
2019-06-20 05:00:00,1408
2019-06-20 06:00:00,1400
2019-06-20 07:00:00,130
2019-06-20 08:00:00,84
2019-06-20 09:00:00,32
2019-06-20 10:00:00,130
2019-06-20 11:00:00,128
2019-06-20 12:00:00,116
2019-06-20 13:00:00,32
2019-06-20 14:00:00,132
2019-06-20 15:00:00,130
2019-06-20 16:00:00,66
2019-06-20 17:00:00,70
2019-06-20 18:00:00,406
2019-06-20 19:00:00,244
2019-06-20 20:00:00,1146
2019-06-20 21:00:00,264
2019-06-20 22:00:00,138
2019-06-20 23:00:00,1544
2019-06-21 00:00:00,342
2019-06-21 01:00:00,1960
2019-06-21 02:00:00,1508
2019-06-21 03:00:00,1044
2019-06-21 04:00:00,140
2019-06-21 05:00:00,136
2019-06-21 06:00:00,134
2019-06-21 07:00:00,38
2019-06-21 08:00:00,136
2019-06-21 09:00:00,134
2019-06-21 10:00:00,90
2019-06-21 11:00:00,36
2019-06-21 12:00:00,136
2019-06-21 13:00:00,132
2019-06-21 14:00:00,38
2019-06-21 15:00:00,120
2019-06-21 16:00:00,1436
2019-06-21 17:00:00,1366
2019-06-21 18:00:00,36
2019-06-21 19:00:00,136
2019-06-21 20:00:00,134
2019-06-21 21:00:00,36
2019-06-21 22:00:00,106
2019-06-21 23:00:00,136
2019-06-22 00:00:00,436
2019-06-22 01:00:00,320
2019-06-22 02:00:00,152
2019-06-22 03:00:00,144
2019-06-22 04:00:00,42
2019-06-22 05:00:00,504
2019-06-22 06:00:00,180
2019-06-22 07:00:00,112
2019-06-22 08:00:00,36
2019-06-22 09:00:00,136
2019-06-22 10:00:00,134
2019-06-22 11:00:00,496
2019-06-22 12:00:00,1590
2019-06-22 13:00:00,1392
2019-06-22 14:00:00,38
2019-06-22 15:00:00,104
2019-06-22 16:00:00,128
2019-06-22 17:00:00,96
2019-06-22 18:00:00,30
2019-06-22 19:00:00,130
2019-06-22 20:00:00,128
2019-06-22 21:00:00,30
2019-06-22 22:00:00,734
2019-06-22 23:00:00,754
2019-06-23 00:00:00,222
2019-06-23 01:00:00,108
2019-06-23 02:00:00,144
2019-06-23 03:00:00,138
2019-06-23 04:00:00,36
2019-06-23 05:00:00,108
2019-06-23 06:00:00,132
2019-06-23 07:00:00,110
2019-06-23 08:00:00,32
2019-06-23 09:00:00,856
2019-06-23 10:00:00,206
2019-06-23 11:00:00,30
2019-06-23 12:00:00,118
2019-06-23 13:00:00,130
2019-06-23 14:00:00,496
2019-06-23 15:00:00,48
2019-06-23 16:00:00,2404
2019-06-23 17:00:00,228
2019-06-23 18:00:00,160
2019-06-23 19:00:00,104
2019-06-23 20:00:00,398
2019-06-23 21:00:00,1104
2019-06-23 22:00:00,750
2019-06-23 23:00:00,380
2019-06-24 00:00:00,430
2019-06-24 01:00:00,1702
2019-06-24 02:00:00,1466
2019-06-24 03:00:00,144
2019-06-24 04:00:00,140
2019-06-24 05:00:00,104
2019-06-24 06:00:00,40
2019-06-24 07:00:00,138
2019-06-24 08:00:00,136
2019-06-24 09:00:00,132
2019-06-24 10:00:00,130
2019-06-24 11:00:00,32
2019-06-24 12:00:00,132
2019-06-24 13:00:00,130
2019-06-24 14:00:00,128
2019-06-24 15:00:00,34
2019-06-24 16:00:00,92
2019-06-24 17:00:00,132
2019-06-24 18:00:00,130
2019-06-24 19:00:00,94
2019-06-24 20:00:00,62
2019-06-24 21:00:00,134
2019-06-24 22:00:00,130
2019-06-24 23:00:00,142
2019-06-25 00:00:00,1440
2019-06-25 01:00:00,1424
2019-06-25 02:00:00,1422
2019-06-25 03:00:00,136
2019-06-25 04:00:00,132
2019-06-25 05:00:00,132
2019-06-25 06:00:00,130
2019-06-25 07:00:00,130
2019-06-25 08:00:00,44
2019-06-25 09:00:00,1362
2019-06-25 10:00:00,130
2019-06-25 11:00:00,130
2019-06-25 12:00:00,128
2019-06-25 13:00:00,128
2019-06-25 14:00:00,66
2019-06-25 15:00:00,30
2019-06-25 16:00:00,134
2019-06-25 17:00:00,132
2019-06-25 18:00:00,130
2019-06-25 19:00:00,130
2019-06-25 20:00:00,130
2019-06-25 21:00:00,132
2019-06-25 22:00:00,128
2019-06-25 23:00:00,32
2019-06-26 00:00:00,120
2019-06-26 01:00:00,162
2019-06-26 02:00:00,146
2019-06-26 03:00:00,140
2019-06-26 04:00:00,134
2019-06-26 05:00:00,132
2019-06-26 06:00:00,130
2019-06-26 07:00:00,112
2019-06-26 08:00:00,32
2019-06-26 09:00:00,500
2019-06-26 10:00:00,132
2019-06-26 11:00:00,130
2019-06-26 12:00:00,128
2019-06-26 13:00:00,128
2019-06-26 14:00:00,126
2019-06-26 15:00:00,32
2019-06-26 16:00:00,68
2019-06-26 17:00:00,170
2019-06-26 18:00:00,130
2019-06-26 19:00:00,130
2019-06-26 20:00:00,1250
2019-06-26 21:00:00,1902
2019-06-26 22:00:00,1856
2019-06-26 23:00:00,376
2019-06-27 00:00:00,310
2019-06-27 01:00:00,144
2019-06-27 02:00:00,42
2019-06-27 03:00:00,34
2019-06-27 04:00:00,134
2019-06-27 05:00:00,134
2019-06-27 06:00:00,130
2019-06-27 07:00:00,130
2019-06-27 08:00:00,32
2019-06-27 09:00:00,68
2019-06-27 10:00:00,218
2019-06-27 11:00:00,130
2019-06-27 12:00:00,130
2019-06-27 13:00:00,128
2019-06-27 14:00:00,50
2019-06-27 15:00:00,30
2019-06-27 16:00:00,132
2019-06-27 17:00:00,130
2019-06-27 18:00:00,130
2019-06-27 19:00:00,130
2019-06-27 20:00:00,130
2019-06-27 21:00:00,104
2019-06-27 22:00:00,30
2019-06-27 23:00:00,134
2019-06-28 00:00:00,156
2019-06-28 01:00:00,1420
2019-06-28 02:00:00,1406
2019-06-28 03:00:00,1090
2019-06-28 04:00:00,130
2019-06-28 05:00:00,56
2019-06-28 06:00:00,32
2019-06-28 07:00:00,132
2019-06-28 08:00:00,186
2019-06-28 09:00:00,126
2019-06-28 10:00:00,30
2019-06-28 11:00:00,166
2019-06-28 12:00:00,182
2019-06-28 13:00:00,326
2019-06-28 14:00:00,128
2019-06-28 15:00:00,130
2019-06-28 16:00:00,30
2019-06-28 17:00:00,116
2019-06-28 18:00:00,132
2019-06-28 19:00:00,128
2019-06-28 20:00:00,130
2019-06-28 21:00:00,130
2019-06-28 22:00:00,32
2019-06-28 23:00:00,110
2019-06-29 00:00:00,132
2019-06-29 01:00:00,130
2019-06-29 02:00:00,1396
2019-06-29 03:00:00,1090
2019-06-29 04:00:00,142
2019-06-29 05:00:00,36
2019-06-29 06:00:00,136
2019-06-29 07:00:00,134
2019-06-29 08:00:00,132
2019-06-29 09:00:00,136
2019-06-29 10:00:00,126
2019-06-29 11:00:00,484
2019-06-29 12:00:00,222
2019-06-29 13:00:00,1032
2019-06-29 14:00:00,914
2019-06-29 15:00:00,532
2019-06-29 16:00:00,1380
2019-06-29 17:00:00,132
2019-06-29 18:00:00,130
2019-06-29 19:00:00,130
2019-06-29 20:00:00,130
2019-06-29 21:00:00,130
2019-06-29 22:00:00,130
2019-06-29 23:00:00,130
2019-06-30 00:00:00,1026
2019-06-30 01:00:00,148
2019-06-30 02:00:00,142
2019-06-30 03:00:00,140
2019-06-30 04:00:00,138
2019-06-30 05:00:00,134
2019-06-30 06:00:00,130
2019-06-30 07:00:00,130
2019-06-30 08:00:00,134
2019-06-30 09:00:00,682
2019-06-30 10:00:00,1272
2019-06-30 11:00:00,344
2019-06-30 12:00:00,136
2019-06-30 13:00:00,1464
2019-06-30 14:00:00,130
2019-06-30 15:00:00,130
2019-06-30 16:00:00,252
2019-06-30 17:00:00,130
2019-06-30 18:00:00,128
2019-06-30 19:00:00,128
2019-06-30 20:00:00,138
2019-06-30 21:00:00,436
2019-06-30 22:00:00,372
2019-06-30 23:00:00,354
2019-07-01 00:00:00,46
2019-07-01 01:00:00,44
2019-07-01 02:00:00,144
2019-07-01 03:00:00,138
2019-07-01 04:00:00,132
2019-07-01 05:00:00,132
2019-07-01 06:00:00,130
2019-07-01 07:00:00,130
2019-07-01 08:00:00,34
2019-07-01 09:00:00,328
2019-07-01 10:00:00,1376
2019-07-01 11:00:00,128
2019-07-01 12:00:00,130
2019-07-01 13:00:00,78
2019-07-01 14:00:00,30
2019-07-01 15:00:00,134
2019-07-01 16:00:00,130
2019-07-01 17:00:00,130
2019-07-01 18:00:00,128
2019-07-01 19:00:00,44
2019-07-01 20:00:00,106
2019-07-01 21:00:00,134
2019-07-01 22:00:00,130
2019-07-01 23:00:00,130
2019-07-02 00:00:00,520
2019-07-02 01:00:00,422
2019-07-02 02:00:00,202
2019-07-02 03:00:00,140
2019-07-02 04:00:00,136
2019-07-02 05:00:00,38
2019-07-02 06:00:00,138
2019-07-02 07:00:00,410
2019-07-02 08:00:00,462
2019-07-02 09:00:00,142
2019-07-02 10:00:00,178
2019-07-02 11:00:00,298
2019-07-02 12:00:00,1402
2019-07-02 13:00:00,2102
2019-07-02 14:00:00,32
2019-07-02 15:00:00,76
2019-07-02 16:00:00,132
2019-07-02 17:00:00,172
2019-07-02 18:00:00,134
2019-07-02 19:00:00,138
2019-07-02 20:00:00,292
2019-07-02 21:00:00,130
2019-07-02 22:00:00,130
2019-07-02 23:00:00,128
2019-07-03 00:00:00,150
2019-07-03 01:00:00,144
2019-07-03 02:00:00,144
2019-07-03 03:00:00,136
2019-07-03 04:00:00,134
2019-07-03 05:00:00,132
2019-07-03 06:00:00,32
2019-07-03 07:00:00,134
2019-07-03 08:00:00,130
2019-07-03 09:00:00,1008
2019-07-03 10:00:00,1362
2019-07-03 11:00:00,782
2019-07-03 12:00:00,132
2019-07-03 13:00:00,128
2019-07-03 14:00:00,130
2019-07-03 15:00:00,128
2019-07-03 16:00:00,30
2019-07-03 17:00:00,94
2019-07-03 18:00:00,134
2019-07-03 19:00:00,128
2019-07-03 20:00:00,132
2019-07-03 21:00:00,118
2019-07-03 22:00:00,30
2019-07-03 23:00:00,132
2019-07-04 00:00:00,154
2019-07-04 01:00:00,142
2019-07-04 02:00:00,112
2019-07-04 03:00:00,34
2019-07-04 04:00:00,134
2019-07-04 05:00:00,132
2019-07-04 06:00:00,540
2019-07-04 07:00:00,1304
2019-07-04 08:00:00,1334
2019-07-04 09:00:00,130
2019-07-04 10:00:00,128
2019-07-04 11:00:00,128
2019-07-04 12:00:00,96
2019-07-04 13:00:00,30
2019-07-04 14:00:00,130
2019-07-04 15:00:00,130
2019-07-04 16:00:00,130
2019-07-04 17:00:00,126
2019-07-04 18:00:00,30
2019-07-04 19:00:00,102
2019-07-04 20:00:00,130
2019-07-04 21:00:00,130
2019-07-04 22:00:00,888
2019-07-04 23:00:00,1594
2019-07-05 00:00:00,330
2019-07-05 01:00:00,146
2019-07-05 02:00:00,140
2019-07-05 03:00:00,134
2019-07-05 04:00:00,56
2019-07-05 05:00:00,32
2019-07-05 06:00:00,134
2019-07-05 07:00:00,132
2019-07-05 08:00:00,134
2019-07-05 09:00:00,490
2019-07-05 10:00:00,1308
2019-07-05 11:00:00,32
2019-07-05 12:00:00,132
2019-07-05 13:00:00,132
2019-07-05 14:00:00,166
2019-07-05 15:00:00,216
2019-07-05 16:00:00,1302
2019-07-05 17:00:00,1222
2019-07-05 18:00:00,132
2019-07-05 19:00:00,130
2019-07-05 20:00:00,896
2019-07-05 21:00:00,460
2019-07-05 22:00:00,568
2019-07-05 23:00:00,310
2019-07-06 00:00:00,270
2019-07-06 01:00:00,138
2019-07-06 02:00:00,136
2019-07-06 03:00:00,130
2019-07-06 04:00:00,30
2019-07-06 05:00:00,40
2019-07-06 06:00:00,134
2019-07-06 07:00:00,132
2019-07-06 08:00:00,130
2019-07-06 09:00:00,130
2019-07-06 10:00:00,132
2019-07-06 11:00:00,418
2019-07-06 12:00:00,130
2019-07-06 13:00:00,130
2019-07-06 14:00:00,158
2019-07-06 15:00:00,144
2019-07-06 16:00:00,142
2019-07-06 17:00:00,134
2019-07-06 18:00:00,132
2019-07-06 19:00:00,48
2019-07-06 20:00:00,84
2019-07-06 21:00:00,136
2019-07-06 22:00:00,440
2019-07-06 23:00:00,134
2019-07-07 00:00:00,132
2019-07-07 01:00:00,138
2019-07-07 02:00:00,42
2019-07-07 03:00:00,144
2019-07-07 04:00:00,140
2019-07-07 05:00:00,210
2019-07-07 06:00:00,134
2019-07-07 07:00:00,34
2019-07-07 08:00:00,136
2019-07-07 09:00:00,134
2019-07-07 10:00:00,650
2019-07-07 11:00:00,218
2019-07-07 12:00:00,734
2019-07-07 13:00:00,108
2019-07-07 14:00:00,134
2019-07-07 15:00:00,132
2019-07-07 16:00:00,132
2019-07-07 17:00:00,132
2019-07-07 18:00:00,36
2019-07-07 19:00:00,396
2019-07-07 20:00:00,134
2019-07-07 21:00:00,134
2019-07-07 22:00:00,134
2019-07-07 23:00:00,66
2019-07-08 00:00:00,1456
2019-07-08 01:00:00,1430
2019-07-08 02:00:00,140
2019-07-08 03:00:00,136
2019-07-08 04:00:00,134
2019-07-08 05:00:00,134
2019-07-08 06:00:00,132
2019-07-08 07:00:00,134
2019-07-08 08:00:00,150
2019-07-08 09:00:00,126
2019-07-08 10:00:00,126
2019-07-08 11:00:00,28
2019-07-08 12:00:00,56
2019-07-08 13:00:00,132
2019-07-08 14:00:00,128
2019-07-08 15:00:00,128
2019-07-08 16:00:00,128
2019-07-08 17:00:00,62
2019-07-08 18:00:00,30
2019-07-08 19:00:00,618
2019-07-08 20:00:00,818
2019-07-08 21:00:00,268
2019-07-08 22:00:00,2158
2019-07-08 23:00:00,794
2019-07-09 00:00:00,150
2019-07-09 01:00:00,140
2019-07-09 02:00:00,134
2019-07-09 03:00:00,522
2019-07-09 04:00:00,130
2019-07-09 05:00:00,130
2019-07-09 06:00:00,130
2019-07-09 07:00:00,128
2019-07-09 08:00:00,168
2019-07-09 09:00:00,870
2019-07-09 10:00:00,1746
2019-07-09 11:00:00,490
2019-07-09 12:00:00,62
2019-07-09 13:00:00,130
2019-07-09 14:00:00,128
2019-07-09 15:00:00,128
2019-07-09 16:00:00,128
2019-07-09 17:00:00,30
2019-07-09 18:00:00,44
2019-07-09 19:00:00,130
2019-07-09 20:00:00,230
2019-07-09 21:00:00,458
2019-07-09 22:00:00,128
2019-07-09 23:00:00,128
2019-07-10 00:00:00,154
2019-07-10 01:00:00,142
2019-07-10 02:00:00,40
2019-07-10 03:00:00,46
2019-07-10 04:00:00,134
2019-07-10 05:00:00,342
2019-07-10 06:00:00,128
2019-07-10 07:00:00,78
2019-07-10 08:00:00,862
2019-07-10 09:00:00,1404
2019-07-10 10:00:00,1360
2019-07-10 11:00:00,1362
2019-07-10 12:00:00,30
2019-07-10 13:00:00,70
2019-07-10 14:00:00,130
2019-07-10 15:00:00,128
2019-07-10 16:00:00,128
2019-07-10 17:00:00,30
2019-07-10 18:00:00,56
2019-07-10 19:00:00,854
2019-07-10 20:00:00,130
2019-07-10 21:00:00,190
2019-07-10 22:00:00,350
2019-07-10 23:00:00,382
2019-07-11 00:00:00,148
2019-07-11 01:00:00,144
2019-07-11 02:00:00,138
2019-07-11 03:00:00,104
2019-07-11 04:00:00,32
2019-07-11 05:00:00,134
2019-07-11 06:00:00,132
2019-07-11 07:00:00,130
2019-07-11 08:00:00,50
2019-07-11 09:00:00,212
2019-07-11 10:00:00,1372
2019-07-11 11:00:00,1326
2019-07-11 12:00:00,130
2019-07-11 13:00:00,30
2019-07-11 14:00:00,130
2019-07-11 15:00:00,132
2019-07-11 16:00:00,130
2019-07-11 17:00:00,130
2019-07-11 18:00:00,34
2019-07-11 19:00:00,60
2019-07-11 20:00:00,2238
2019-07-11 21:00:00,902
2019-07-11 22:00:00,378
2019-07-11 23:00:00,374
2019-07-12 00:00:00,152
2019-07-12 01:00:00,142
2019-07-12 02:00:00,140
2019-07-12 03:00:00,132
2019-07-12 04:00:00,130
2019-07-12 05:00:00,38
2019-07-12 06:00:00,30
2019-07-12 07:00:00,134
2019-07-12 08:00:00,138
2019-07-12 09:00:00,1062
2019-07-12 10:00:00,1368
2019-07-12 11:00:00,750
2019-07-12 12:00:00,30
2019-07-12 13:00:00,54
2019-07-12 14:00:00,132
2019-07-12 15:00:00,504
2019-07-12 16:00:00,722
2019-07-12 17:00:00,644
2019-07-12 18:00:00,36
2019-07-12 19:00:00,154
2019-07-12 20:00:00,154
2019-07-12 21:00:00,1078
2019-07-12 22:00:00,386
2019-07-12 23:00:00,380
2019-07-13 00:00:00,752
2019-07-13 01:00:00,426
2019-07-13 02:00:00,138
2019-07-13 03:00:00,132
2019-07-13 04:00:00,132
2019-07-13 05:00:00,60
2019-07-13 06:00:00,32
2019-07-13 07:00:00,134
2019-07-13 08:00:00,132
2019-07-13 09:00:00,130
2019-07-13 10:00:00,200
2019-07-13 11:00:00,1366
2019-07-13 12:00:00,1410
2019-07-13 13:00:00,1386
2019-07-13 14:00:00,1102
2019-07-13 15:00:00,158
2019-07-13 16:00:00,144
2019-07-13 17:00:00,134
2019-07-13 18:00:00,132
2019-07-13 19:00:00,478
2019-07-13 20:00:00,132
2019-07-13 21:00:00,114
2019-07-13 22:00:00,36
2019-07-13 23:00:00,136
2019-07-14 00:00:00,136
2019-07-14 01:00:00,156
2019-07-14 02:00:00,146
2019-07-14 03:00:00,42
2019-07-14 04:00:00,132
2019-07-14 05:00:00,124
2019-07-14 06:00:00,532
2019-07-14 07:00:00,36
2019-07-14 08:00:00,136
2019-07-14 09:00:00,134
2019-07-14 10:00:00,58
2019-07-14 11:00:00,68
2019-07-14 12:00:00,560
2019-07-14 13:00:00,994
2019-07-14 14:00:00,206
2019-07-14 15:00:00,64
2019-07-14 16:00:00,180
2019-07-14 17:00:00,1386
2019-07-14 18:00:00,1400
2019-07-14 19:00:00,114
2019-07-14 20:00:00,64
2019-07-14 21:00:00,138
2019-07-14 22:00:00,122
2019-07-14 23:00:00,56
2019-07-15 00:00:00,138
2019-07-15 01:00:00,146
2019-07-15 02:00:00,44
2019-07-15 03:00:00,142
2019-07-15 04:00:00,136
2019-07-15 05:00:00,50
2019-07-15 06:00:00,108
2019-07-15 07:00:00,136
2019-07-15 08:00:00,78
2019-07-15 09:00:00,692
2019-07-15 10:00:00,1368
2019-07-15 11:00:00,596
2019-07-15 12:00:00,70
2019-07-15 13:00:00,134
2019-07-15 14:00:00,118
2019-07-15 15:00:00,34
2019-07-15 16:00:00,136
2019-07-15 17:00:00,132
2019-07-15 18:00:00,34
2019-07-15 19:00:00,134
2019-07-15 20:00:00,310
2019-07-15 21:00:00,2266
2019-07-15 22:00:00,1514
2019-07-15 23:00:00,760
